id,card_no,name,package_name,rarity,cost,attribute,pp_value,dp_value,signal_color,card_types,features,effect,image_url
BP01-001,BP01-001,露西亚·鸦羽,BP01-命运交锋,SR,8,冰,7,1,,角色牌 / 升变角色牌,灰鸦小队 / 露西亚,"升变条件 费用8以下的<露西亚>&「费用上限8及以上」
升变代价【3费】将手牌的该牌重叠在对象上方出场，获得【速攻】
【永】：使用该牌时，可以将我方墓地10张<灰鸦小队>加入牌组并洗切。若如此做，该牌可以无视【升变条件「费用上限8及以上」】出场。
【出】消除2同色信号球：公开我方牌组顶5张牌，选择其中任意数量的费用合计为6及以下的<灰鸦小队>角色出场，将剩余的牌按任意顺序放置到牌组底。",/card-images/BP01-001.png
BP01-002,BP01-002,露西亚·鸦羽,BP01-命运交锋,R,7,冰,6,1,,角色牌,灰鸦小队 / 露西亚,"【永】：若我方战场存在<里>角色和<丽芙>角色，手牌和牌组的该牌的费用-3。
【出】 消除2同色信号球：直到回合结束为止，该牌获得【突进】及【充能0】。",/card-images/BP01-002.png
BP01-003,BP01-003,露西亚·鸦羽,BP01-命运交锋,R,6,冰,6,1,,角色牌,灰鸦小队 / 露西亚,【出】：可以将我方战场1张<灰鸦小队>角色返回手牌。若如此做，选择战场1张费用为5及以下的角色，将其返回手牌。,/card-images/BP01-003.png
BP01-004,BP01-004,露西亚·鸦羽,BP01-命运交锋,U,3,冰,3,0,,角色牌,灰鸦小队 / 露西亚,【出】丢弃1张手牌：选择我方费用区1张牌，将其加入手牌。,/card-images/BP01-004.png
BP01-005,BP01-005,露西亚·鸦羽,BP01-命运交锋,U,3,冰,4,0,,角色牌,灰鸦小队 / 露西亚,,/card-images/BP01-005.png
BP01-006,BP01-006,露西亚·鸦羽,BP01-命运交锋,U,2,冰,4,0,,角色牌,灰鸦小队 / 露西亚,,/card-images/BP01-006.png
BP01-007,BP01-007,刹那冰华,BP01-命运交锋,R,0,冰,,,,战术牌 / 瞬时战术牌,,【瞬时】：选择我方战场1张<灰鸦小队>角色，直到回合结束为止，其PP+1500。可以追加丢弃任意数量的手牌，每丢弃1张，直到回合结束为止，其PP+1000。,/card-images/BP01-007.png
BP01-008,BP01-008,露娜·银冕,BP01-命运交锋,SR,8,暗,7,2,,角色牌 / 升变角色牌,升格者 / 露娜,"升变条件 费用7以下的《露娜·银冕》&「费用上限7及以上」
升变代价【3费】将手牌的该牌重叠在对象上方出场，获得【速攻】
【永】：若我方侵蚀计数为5及以上，我方战场所有<升格者>角色PP+1000。
【自】：该牌攻击时，可以消除【2红色信号球】。若如此做，选择我方战场1张<升格者>角色，直到下个回合结束为止，其获得【充能+1】，PP+2000。",/card-images/BP01-008.png
BP01-009,BP01-009,露娜·银冕,BP01-命运交锋,U,4,暗,4,1,,角色牌,升格者 / 露娜,"【永】：【充能0】。
【出】：若我方侵蚀计数为3及以下，可以将我方侵蚀计数+1。若如此做，抽2张牌。",/card-images/BP01-009.png
BP01-010,BP01-010,罗兰·戏炎,BP01-命运交锋,R,4,物理,3.5,1,,角色牌,升格者 / 罗兰,"【出】：将我方信号球区的牌按任意顺序排列。
【出】 消除2同色信号球：若我方侵蚀计数为4及以上，选择我方战场1张《露娜·银冕》，直到回合结束为止，其获得【贯通】。",/card-images/BP01-010.png
BP01-011,BP01-011,冕饵,BP01-命运交锋,U,4,物理,1,,,道具牌 / 装备牌,增幅器,"（使用后可在主要阶段放置在装备角色下方，每张角色只能装备1张装备）
【出】：若该回合中我方的侵蚀计数发生过变化，抽1张牌。",/card-images/BP01-011.png
BP01-012,BP01-012,沃托,BP01-命运交锋,U,3,物理,,,,道具牌 / 辅助机牌,,【起】 丢弃2张角色&横置该牌：选择我方墓地1张信号球，将其放置到我方信号球区最上方。,/card-images/BP01-012.png
BP01-013,BP01-013,终焉降临,BP01-命运交锋,R,2,暗,,,,战术牌 / 瞬时战术牌,,"该牌只能在我方战场存在《露娜·银冕》时才能使用。
【瞬时】：若我方侵蚀计数为5及以上，可以消除【2黄色信号球】。若如此做，我方侵蚀计数-1。",/card-images/BP01-013.png
BP01-014,BP01-014,露西亚·深红囚影,BP01-命运交锋,SR,8,雷,8,3,,角色牌 / 升变角色牌,阿尔法 / 升格者,"升变条件 费用8以下的<阿尔法>&「费用上限8及以上」
升变代价【3费】将手牌的该牌重叠在对象上方出场，获得【速攻】
【永】：该牌可以同时装备2张<封刃太刀>装备。
【起】 【回合1】 【2蓝色信号球】：选择我方墓地1张<大太刀>装备，将其装备。直到回合结束为止，我方信号球区的【蓝色信号球】可以视为【红色信号球】或【黄色信号球】。
【自】【回合1】：该牌攻击时，可以消除【2黄色信号球】。若如此做，将该牌竖直，直到回合结束为止，该牌获得【充能+1】，PP+1000。",/card-images/BP01-014.png
BP01-015,BP01-015,露西亚·深红囚影,BP01-命运交锋,U,4,雷,4,1,,角色牌,阿尔法 / 升格者,【永】：我方每回合使用的第1张装备的费用-1。,/card-images/BP01-015.png
BP01-016,BP01-016,露西亚·深红囚影,BP01-命运交锋,R,5,雷,5,1,,角色牌,阿尔法 / 升格者,"【永】：该牌可以同时装备2张<封刃太刀>装备。
【起】【回合1】 【蓝色信号球】：选择我方墓地1张<封刃太刀>装备，将其装备。",/card-images/BP01-016.png
BP01-017,BP01-017,露西亚·深红囚影,BP01-命运交锋,SR,7,雷,9,2,,角色牌 / 升变角色牌,阿尔法 / 升格者,"升变条件 费用6以下的<阿尔法>&「费用上限6及以上」
升变代价【3费】将手牌的该牌重叠在对象上方出场，获得【速攻】
【永】：该牌可以同时装备2张<封刃太刀>装备。
【自】：该牌离场时，若该牌同时装备<小太刀>和<大太刀>，可以将其放置到墓地。若如此做，改为不离场。",/card-images/BP01-017.png
BP01-018,BP01-018,露西亚·深红囚影,BP01-命运交锋,U,5,雷,6,1,,角色牌,阿尔法 / 升格者,【出】 丢弃1张手牌：抽1张牌，若因此方法丢弃装备或信号球，改为抽2张牌。,/card-images/BP01-018.png
BP01-019,BP01-019,露西亚·深红囚影,BP01-命运交锋,U,4,雷,6,1,,角色牌,阿尔法 / 升格者,,/card-images/BP01-019.png
BP01-020,BP01-020,绯霆—小太刀,BP01-命运交锋,U,3,雷,1.5,,,道具牌 / 装备牌,小太刀 / 封刃太刀,（使用后可在主要阶段放置在装备角色下方，每张角色只能装备1张装备）,/card-images/BP01-020.png
BP01-021,BP01-021,绯霆—大太刀,BP01-命运交锋,U,4,雷,1.5,,,道具牌 / 装备牌,大太刀 / 封刃太刀,（使用后可在主要阶段放置在装备角色下方，每张角色只能装备1张装备）,/card-images/BP01-021.png
BP01-022,BP01-022,夜煌—小太刀,BP01-命运交锋,U,3,物理,0.5,,,道具牌 / 装备牌,小太刀 / 封刃太刀,"（使用后可在主要阶段放置在装备角色下方，每张角色只能装备1张装备）
【永】：若装备角色为《露西亚·深红囚影》，则其获得“【起】【回合1】：选择我方信号球区1张信号球，直到回合结束为止，其可以视为【蓝色信号球】”。",/card-images/BP01-022.png
BP01-023,BP01-023,夜煌—大太刀,BP01-命运交锋,U,4,物理,1,,,道具牌 / 装备牌,大太刀 / 封刃太刀,"（使用后可在主要阶段放置在装备角色下方，每张角色只能装备1张装备）
【永】：若装备角色为《露西亚·深红囚影》，则其获得“【自】【回合1】：该牌攻击时，可以横置我方战场1张牌。若如此做，该牌的本次攻击不会被PP为5000及以下的角色阻挡”。",/card-images/BP01-023.png
BP01-024,BP01-024,坼霆,BP01-命运交锋,U,3,雷,,,,道具牌 / 辅助机牌,,【起】 横置该牌&【任意信号球】：公开我方牌组顶5张牌，选择其中最多1张装备加入手牌，将剩余的牌按任意顺序放置到牌组底。,/card-images/BP01-024.png
BP01-025,BP01-025,归途伴风雪,BP01-命运交锋,U,5,雷,,,,战术牌 / 普通战术牌,,"该牌只能在我方战场存在《露西亚·深红囚影》时才能使用。
选择对方战场1张角色，直到回合结束为止，其失去能力，不能进行阻挡。可以追加消除【2红色信号球】。若如此做，选择我方战场1张《露西亚·深红囚影》，将其竖直。",/card-images/BP01-025.png
BP01-026,BP01-026,凛冬,BP01-命运交锋,U,3,物理,,,,战术牌 / 普通战术牌,,公开我方牌组顶7张牌，选择其中最多1张《露西亚·深红囚影》和最多1张<封刃太刀>装备加入手牌，将剩余的牌按任意顺序放置到牌组底。,/card-images/BP01-026.png
BP01-027,BP01-027,枪林弹雨,BP01-命运交锋,R,3,雷,,,,战术牌 / 瞬时战术牌,,【瞬时】：我方玩家被攻击时才能发动。选择我方战场1张装备，可以将其放置到墓地。若如此做，那次攻击不能造成伤害。,/card-images/BP01-027.png
BP01-028,BP01-028,曲·雀翎,BP01-命运交锋,SR,9,物理,3,2,,角色牌 / 升变角色牌,曲 / 九龙商会,"升变条件 费用8以下的《曲·雀翎》&「费用上限8及以上」
升变代价【3费】将手牌的该牌重叠在对象上方出场，获得【速攻】
【出】：可以选择我方墓地、费用区合计最多6张<万世铭>，将其加入牌组并洗切。因此方法加入牌组的<万世铭>每有2张，从以下3项选择1项。（不可重复选择）
·直到回合结束为止，该牌获得【充能+1】，基本PP变为9999。
·直到回合结束为止，该牌DP+1。
·直到回合结束为止，该牌获得“【自】【回合1】：该牌攻击的充能步骤中，若充能<万世铭>，将该牌竖直。”",/card-images/BP01-028.png
BP01-029,BP01-029,曲·雀翎,BP01-命运交锋,SR,6,物理,5,1,,角色牌,曲 / 九龙商会,"【出】丢弃1张手牌：选择我方牌组1张<万世铭>，将其加入手牌，洗切牌组。
【自】【回合1】 ：该牌攻击或阻挡时，可以消除【3任意信号球】。若如此做，选择我方墓地最多2张<万世铭>，将其中1张加入手牌，将剩余的牌以竖直状态放置到我方费用区最上方。",/card-images/BP01-029.png
BP01-030,BP01-030,曲·雀翎,BP01-命运交锋,SR,7,物理,9,2,,角色牌 / 升变角色牌,曲 / 九龙商会,"升变条件 费用6以下的《曲·雀翎》&「费用上限6及以上」
升变代价【3费】将手牌的该牌重叠在对象上方出场，获得【速攻】
【出】 消除3同色信号球：选择我方费用区1张<万世铭>，可以将其放置到墓地。若如此做，选择我方手牌1张费用为5及以下的《曲·雀翎》，将其出场。",/card-images/BP01-030.png
BP01-031,BP01-031,曲·雀翎,BP01-命运交锋,R,4,物理,3,1,,角色牌,曲 / 九龙商会,【出】：公开我方牌组顶2张牌，选择其中最多1张牌放置到牌组顶或墓地，将剩余的牌按任意顺序放置到牌组底。,/card-images/BP01-031.png
BP01-032,BP01-032,曲·雀翎,BP01-命运交锋,U,4,物理,4,1,,角色牌,曲 / 九龙商会,,/card-images/BP01-032.png
BP01-033,BP01-033,曲·雀翎,BP01-命运交锋,U,3,物理,3,1,,角色牌,曲 / 九龙商会,【永】：【充能0】。,/card-images/BP01-033.png
BP01-034,BP01-034,曲·雀翎,BP01-命运交锋,U,5,物理,5,1,,角色牌,曲 / 九龙商会,【出】丢弃1张手牌：公开我方牌组顶3张牌，选择其中1张《曲·雀翎》加入手牌，将剩余的牌按任意顺序放置到牌组底。,/card-images/BP01-034.png
BP01-035,BP01-035,曲·雀翎,BP01-命运交锋,U,5,物理,6,2,,角色牌,曲 / 九龙商会,"【起】【回合1】丢弃手牌1张<万世铭>：从以下2项选择1项。
·直到回合结束为止，该牌获得【充能+1】。
·直到回合结束为止，该牌PP+2000。",/card-images/BP01-035.png
BP01-036,BP01-036,青赫,BP01-命运交锋,U,1,物理,0.5,,,道具牌 / 装备牌,龙枪,"（使用后可在主要阶段放置在装备角色下方，每张角色只能装备1张装备）
【永】：若装备角色为《曲·雀翎》，则其获得“【自】【回合1】：该牌攻击时，可以丢弃1张手牌。若如此做，公开我方牌组顶3张牌，选择其中最多1张牌放置到牌组顶或墓地，将剩余的牌按任意顺序放置到牌组底”。",/card-images/BP01-036.png
BP01-037,BP01-037,万世铭,BP01-命运交锋,R,1,物理,,,,战术牌 / 普通战术牌,万世铭,"该牌只能在我方战场存在<曲>角色时才能使用。
选择我方信号球区1张信号球，直到回合结束为止，其可以视为3个与其相同的信号球。
【自】：该牌因<曲>角色放置到处理区时，可以改为将该牌以横置状态放置到费用区。
（该牌【自】效果的“放置到处理区”包含充能、公开某个区域的该牌等情况）",/card-images/BP01-037.png
BP01-038,BP01-038,万世铭·重铸,BP01-命运交锋,R,1,物理,,,,战术牌 / 普通战术牌,万世铭,"该牌只能在我方战场存在<曲>角色时才能使用。
选择我方墓地1张信号球，将其放置到我方信号球区任意位置。
【自】：该牌因<曲>角色放置到处理区时，可以改为将该牌以横置状态放置到费用区。
（该牌【自】效果的“放置到处理区”包含充能、公开某个区域的该牌等情况）",/card-images/BP01-038.png
BP01-039,BP01-039,自由,BP01-命运交锋,U,5,物理,,,,战术牌 / 普通战术牌,,选择对方战场1张角色，将其以横置状态放置到对方费用区。选择我方费用区1张<万世铭>，将其竖直。,/card-images/BP01-039.png
BP01-040,BP01-040,七实·遥星之座,BP01-命运交锋,SR,8,火,8,2,,角色牌 / 升变角色牌,七实 / 机械教会,"升变条件 费用8以下的<七实>&「费用上限8及以上」
升变代价「【费用3】&将我方战场1张《帕瓦》放置到该牌下方」将手牌的该牌重叠在对象上方出场，获得【速攻】。
【起】【回合1】丢弃1张手牌：选择我方墓地1张《帕瓦》，将其放置到该牌下方。
【永】：根据该牌下方的牌的数量，该牌获得以下效果。
·2张及以上 【永】：我方回合中，我方战场所有<机械教会>角色PP+1000。
·4张及以上 【永】：该牌的攻击不会被PP为5000及以下的角色阻挡。
·7张及以上 【起】【游戏1】消除【2黄色信号球】：给予对方1点伤害。",/card-images/BP01-040.png
BP01-041,BP01-041,七实·遥星之座,BP01-命运交锋,SR,7,火,4.5,2,,角色牌 / 升变角色牌,七实 / 机械教会,"升变条件 费用6以下的<七实>&「费用上限6及以上」
升变代价【3费】将手牌的该牌重叠在对象上方出场，获得【速攻】
【永】：若该牌下方存在《帕瓦》，则该牌PP+2000。
【出】 丢弃1张手牌：选择我方墓地1张费用为3及以下的《帕瓦》,将其出场。",/card-images/BP01-041.png
BP01-042,BP01-042,七实·遥星之座,BP01-命运交锋,R,5,火,4.5,2,,角色牌,七实 / 机械教会,【永】：若该牌下方存在《帕瓦》，则该牌获得【速攻】。,/card-images/BP01-042.png
BP01-043,BP01-043,七实·遥星之座,BP01-命运交锋,R,6,火,2,2,,角色牌,七实 / 机械教会,【出】：可以将我方战场1张《帕瓦》放置到墓地。若如此做，选择对方战场1张PP为6000及以下的角色，将其破坏。,/card-images/BP01-043.png
BP01-044,BP01-044,七实·遥星之座,BP01-命运交锋,U,4,火,4,1,,角色牌,七实 / 机械教会,【出】 丢弃手牌1张《帕瓦》：抽2张牌。,/card-images/BP01-044.png
BP01-045,BP01-045,七实·遥星之座,BP01-命运交锋,U,4,火,6,1,,角色牌,七实 / 机械教会,【永】：【充能0】。,/card-images/BP01-045.png
BP01-046,BP01-046,七实·遥星之座,BP01-命运交锋,U,2,火,1,1,,角色牌,七实 / 机械教会,【出】：公开我方牌组顶5张牌，选择其中1张《帕瓦》或<机械教会>角色加入手牌，将剩余的牌按任意顺序放置到牌组底。,/card-images/BP01-046.png
BP01-047,BP01-047,七实·遥星之座,BP01-命运交锋,U,7,火,11,3,,角色牌,七实 / 机械教会,,/card-images/BP01-047.png
BP01-048,BP01-048,七实·遥星之座,BP01-命运交锋,U,2,火,4,1,,角色牌,七实 / 机械教会,,/card-images/BP01-048.png
BP01-049,BP01-049,帕瓦,BP01-命运交锋,R,3,火,4,1,,角色牌,武装机械,"【永】：该牌不能攻击。
【起】【任意信号球】：选择我方战场1张《七实·遥星之座》，将竖直状态的该牌放置到其下方。
【永】：若该牌存在于《七实·遥星之座》下方，其PP+1000。",/card-images/BP01-049.png
BP01-050,BP01-050,帕瓦,BP01-命运交锋,U,4,火,8,1,,角色牌,武装机械,"【永】：该牌不能攻击。
【起】【任意信号球】：选择我方战场1张《七实·遥星之座》，将竖直状态的该牌放置到其下方。
【永】：若该牌存在于《七实·遥星之座》下方，其获得【充能+1】。",/card-images/BP01-050.png
BP01-051,BP01-051,帕瓦,BP01-命运交锋,U,4,火,4,1,,角色牌,武装机械,"【永】：该牌不能攻击。
【起】 【2任意信号球】：选择我方战场1张《七实·遥星之座》，将竖直状态的该牌放置到其下方。
【永】：若该牌存在于基本DP为1及以下的《七实·遥星之座》下方，其基本DP+1。",/card-images/BP01-051.png
BP01-052,BP01-052,帕瓦,BP01-命运交锋,U,3,火,2,2,,角色牌,武装机械,"【永】：【充能0】。
【起】【任意信号球】：选择我方战场1张《七实·遥星之座》，将竖直状态的该牌放置到其下方。",/card-images/BP01-052.png
BP01-053,BP01-053,七实·遥星之座,BP01-命运交锋,U,5,火,6,1,,角色牌,七实 / 机械教会,【出】：选择我方墓地1张信号球，将其放置到我方信号球区最上方。,/card-images/BP01-053.png
BP01-054,BP01-054,万兆创星,BP01-命运交锋,U,5,火,,,,战术牌 / 普通战术牌,,选择对方战场1张PP为6000及以下的角色，将其破坏。若我方战场存在《七实·遥星之座》升变角色，改为选择对方战场1张角色，将其破坏。,/card-images/BP01-054.png
BP01-055,BP01-055,七实-未来,BP01-命运交锋,U,4,火,,,,战术牌 / 普通战术牌,,公开我方牌组1张费用为6及以上的《七实·遥星之座》升变角色。选择我方战场1张费用为6以下的《七实·遥星之座》和1张《帕瓦》。我方可以无视【升变条件】，不支付【升变代价】在其上方升变出场因此方法公开的升变角色。,/card-images/BP01-055.png
BP01-056,BP01-056,梦赴光寥之乡,BP01-命运交锋,SR,1,物理,,,,战术牌 / 普通战术牌,艺术协会,"抽1张牌，丢弃1张手牌。
【自】 ：《梦赴光寥之乡》的该【自】效果每回合最多发动2次。我方消除信号球时，可以将墓地的该牌加入手牌。",/card-images/BP01-056.png
BP01-056a,BP01-056a,梦赴光寥之乡,BP01-命运交锋,SR★,2,物理,,,,战术牌 / 普通战术牌,艺术协会,"抽1张牌，丢弃1张手牌。
【自】：《梦赴光寥之乡》的该【自】效果每回合最多发动2次。我方消除信号球时，可以将墓地的该牌加入手牌。",/card-images/BP01-056a.png
BP01-056b,BP01-056b,梦赴光寥之乡,BP01-命运交锋,SR★,2,物理,,,,战术牌 / 普通战术牌,艺术协会,"抽1张牌，丢弃1张手牌。
【自】 ：《梦赴光寥之乡》的该【自】效果每回合最多发动2次。我方消除信号球时，可以将墓地的该牌加入手牌。",/card-images/BP01-056b.png
BP01-057,BP01-057,赛琳娜·希声,BP01-命运交锋,SR,9,物理,11,2,,角色牌 / 升变角色牌,赛琳娜 / 艺术协会,"升变条件 费用8以下的<赛琳娜>&「费用上限8及以上」
升变代价【4费】将手牌的该牌重叠在对象上方出场，获得【速攻】
【自】【回合1】：该牌攻击结束时，可以丢弃手牌2张《梦赴光寥之乡》。若如此做，将该牌竖直。直到回合结束为止，该牌PP+2000，DP+1。",/card-images/BP01-057.png
BP01-058,BP01-058,赛琳娜·希声,BP01-命运交锋,SR,7,物理,9,2,,角色牌 / 升变角色牌,赛琳娜 / 艺术协会,"升变条件 费用6以下的<赛琳娜>&「费用上限6及以上」
升变代价【3费】将手牌的该牌重叠在对象上方出场，获得【速攻】
【出】丢弃2张手牌：选择我方墓地1张《梦赴光寥之乡》，将其加入手牌。
【出】丢弃手牌2张《梦赴光寥之乡》：选择对方战场1张费用为3及以下的角色，将其放置到对方牌组底。",/card-images/BP01-058.png
BP01-059,BP01-059,赛琳娜·希声,BP01-命运交锋,R,8,物理,9,2,,角色牌,赛琳娜 / 艺术协会,"【永】：我方墓地的《梦赴光寥之乡》每有1张，手牌的该牌的费用-1。
【起】【回合1】丢弃手牌最多2张《梦赴光寥之乡》：因此方法丢弃的《梦赴光寥之乡》每有1张，从以下2项选择1项。（不可重复选择）
·直到回合结束为止，该牌获得【贯通】。
·直到回合结束为止，该牌PP+2000。",/card-images/BP01-059.png
BP01-060,BP01-060,赛琳娜·希声,BP01-命运交锋,R,4,物理,4,1,,角色牌,赛琳娜 / 艺术协会,【出】：选择我方牌组最多1张《梦赴光寥之乡》，将其放置到墓地，洗切牌组。,/card-images/BP01-060.png
BP01-061,BP01-061,赛琳娜·希声,BP01-命运交锋,R,5,物理,6,2,,角色牌,赛琳娜 / 艺术协会,【永】：若我方墓地存在《梦赴光寥之乡》，该牌获得“【自】：该牌攻击时，可以查看我方牌组顶最多2张牌，选择其中最多1张牌放置到牌组顶，将剩余的牌按任意顺序放置到牌组底。”,/card-images/BP01-061.png
BP01-062,BP01-062,赛琳娜·希声,BP01-命运交锋,R,6,物理,5,2,,角色牌,赛琳娜 / 艺术协会,【起】【回合1】丢弃1张手牌：直到回合结束为止，该牌PP+1000。若因此方法丢弃《梦赴光寥之乡》，改为直到回合结束为止，该牌获得【突进】，PP-1000。,/card-images/BP01-062.png
BP01-063,BP01-063,赛琳娜·希声,BP01-命运交锋,U,3,物理,4,1,,角色牌,赛琳娜 / 艺术协会,,/card-images/BP01-063.png
BP01-064,BP01-064,赛琳娜·希声,BP01-命运交锋,U,5,物理,8,2,,角色牌,赛琳娜 / 艺术协会,,/card-images/BP01-064.png
BP01-065,BP01-065,一碰即碎的花火,BP01-命运交锋,R,3,物理,,,,战术牌 / 瞬时战术牌,,【瞬时】：我方玩家被攻击时才能发动。可以选择我方墓地2张《梦赴光寥之乡》，将其加入牌组后洗切牌组。若如此做，那次攻击不能造成伤害。,/card-images/BP01-065.png
BP01-066,BP01-066,独奏领域,BP01-命运交锋,U,3,物理,,,,战术牌 / 普通战术牌,,可以选择我方墓地合计4张《赛琳娜·希声》或《梦赴光寥之乡》，将其加入牌组后洗切牌组，若如此做，抽2张牌。,/card-images/BP01-066.png
BP01-067,BP01-067,最后的晚空,BP01-命运交锋,R,7,物理,,,,战术牌 / 普通战术牌,,"使用该牌时，可以丢弃手牌任意数量的《梦赴光寥之乡》。因此方法丢弃的《梦赴光寥之乡》每有1张，该牌的费用-1。
选择对方战场1张角色，将其放置到对方牌组底。",/card-images/BP01-067.png
BP01-068,BP01-068,奥菲厄斯的摇篮,BP01-命运交锋,U,4,物理,1,,,道具牌 / 装备牌,弦剑,"（使用后可在主要阶段放置在装备角色下方，每张角色只能装备1张装备）
【出】：选择我方墓地1张《梦赴光寥之乡》，将其加入手牌。",/card-images/BP01-068.png
BP01-069,BP01-069,薇拉·瑰丽,BP01-命运交锋,SR,7,物理,8,2,,角色牌,三头犬小队 / 薇拉,"【永】：若我方战场存在<21号>角色或<诺克提>角色，该牌PP+2000。
【出】横置我方战场1张<21号>角色或<诺克提>角色：直到回合结束为止，该牌获得【速攻】。",/card-images/BP01-069.png
BP01-070,BP01-070,诺克提·擎驱,BP01-命运交锋,SR,2,雷,2,0,,角色牌,诺克提 / 三头犬小队,"【永】：若我方战场存在<薇拉>角色或<21号>角色，该牌可以无视属性条件使用。
【起】【回合1】【1费】：若我方战场的<三头犬小队>角色为3张及以上，将我方信号球区的牌按任意顺序排列。",/card-images/BP01-070.png
BP01-071,BP01-071,死神与无色,BP01-命运交锋,R,3,暗,,,,战术牌 / 瞬时战术牌,,【瞬时】：我方玩家被攻击时才能发动。若我方战场存在横置状态的<三头犬小队>角色，那次攻击不能造成伤害。,/card-images/BP01-071.png
BP01-072,BP01-072,沙利叶,BP01-命运交锋,U,3,暗,1.5,,,道具牌 / 装备牌,太刀,,/card-images/BP01-072.png
BP01-073,BP01-073,库洛姆·荣光,BP01-命运交锋,SR,7,冰,5,2,,角色牌 / 升变角色牌,库洛姆 / 突击鹰小队,"升变条件 费用6以下的<库洛姆>&「费用上限6及以上」
升变代价【3费】将手牌的该牌重叠在对象上方出场，获得【速攻】
【自】【回合1】：我方战场1张角色阻挡时，直到回合结束为止，其PP+1000。
【起】【回合1】消除2同色信号球：选择我方手牌1张费用不大于我方明费上限的<突击鹰小队>角色，将其出场。直到回合结束为止，其获得“【永】：不能攻击”。",/card-images/BP01-073.png
BP01-074,BP01-074,库洛姆·荣光,BP01-命运交锋,U,3,冰,4,2,,角色牌,库洛姆 / 突击鹰小队,【永】：【充能0】。,/card-images/BP01-074.png
BP01-075,BP01-075,神威·重能,BP01-命运交锋,SR,4,物理,4,2,,角色牌 / 升变角色牌,神威 / 突击鹰小队,"升变条件 费用4以下的<神威>&「费用上限4及以上」
升变代价【2费】将手牌的该牌重叠在对象上方出场，获得【速攻】
【出】【2任意信号球】：选择对方战场1张费用为3及以下的角色，将其横置。",/card-images/BP01-075.png
BP01-076,BP01-076,卡穆·狂犬,BP01-命运交锋,U,3,暗,6,0,,角色牌,卡穆 / 突击鹰小队,"【永】：【充能0】。
【永】：若我方战场存在<突击鹰小队>角色，该牌可以无视属性条件使用。
【起】将该牌从战场放置到牌组底：选择我方墓地1张<突击鹰小队>角色，将其加入手牌。",/card-images/BP01-076.png
BP01-077,BP01-077,万事·明觉,BP01-命运交锋,U,5,冰,6,2,,角色牌,突击鹰小队 / 万事,【永】：我方每回合使用的第1张《荣光护盾》的费用变为1。,/card-images/BP01-077.png
BP01-078,BP01-078,星际中的思考,BP01-命运交锋,C,1,无,,,红,战术牌 / 普通战术牌,信号球·红,"使用后将该牌放置到我方信号球区最上方，抽1张牌。
【充能自】：从以下2项选择1项。
·选择我方战场最多1张角色，直到回合结束为止，其DP+1。
·选择我方战场最多1张角色，直到回合结束为止，其PP+2000。",/card-images/BP01-078.png
BP01-079,BP01-079,第五次交锋,BP01-命运交锋,C,1,无,,,红,战术牌 / 普通战术牌,信号球·红,"使用后将该牌放置到我方信号球区最上方，抽1张牌。
【充能自】：从以下2项选择1项。
·选择我方战场最多1张角色，直到回合结束为止，其DP+1。
·选择我方战场最多1张角色，直到回合结束为止，其PP+2000。",/card-images/BP01-079.png
BP01-080,BP01-080,无忧无虑大作战,BP01-命运交锋,C,1,无,,,红,战术牌 / 普通战术牌,信号球·红,"使用后将该牌放置到我方信号球区最上方，抽1张牌。
【充能自】：从以下2项选择1项。
·选择我方战场最多1张角色，直到回合结束为止，其DP+1。
·选择我方战场最多1张角色，直到回合结束为止，其PP+2000。",/card-images/BP01-080.png
BP01-081,BP01-081,桎梏与囚笼,BP01-命运交锋,C,1,无,,,蓝,战术牌 / 普通战术牌,信号球·蓝,"使用后将该牌放置到我方信号球区最上方，抽1张牌。
【充能自】：从以下2项选择1项。
·抽1张牌。
·选择我方战场最多1张角色，直到回合结束为止，其PP+2000。",/card-images/BP01-081.png
BP01-082,BP01-082,漫长的电话,BP01-命运交锋,C,1,无,,,蓝,战术牌 / 普通战术牌,信号球·蓝,"使用后将该牌放置到我方信号球区最上方，抽1张牌。
【充能自】：从以下2项选择1项。
·抽1张牌。
·选择我方战场最多1张角色，直到回合结束为止，其PP+2000。",/card-images/BP01-082.png
BP01-083,BP01-083,无人观看的斯丁格,BP01-命运交锋,C,1,无,,,蓝,战术牌 / 普通战术牌,信号球·蓝,"使用后将该牌放置到我方信号球区最上方，抽1张牌。
【充能自】：从以下2项选择1项。
·抽1张牌。
·选择我方战场最多1张角色，直到回合结束为止，其PP+2000。",/card-images/BP01-083.png
BP01-084,BP01-084,解开项圈,BP01-命运交锋,C,1,无,,,黄,战术牌 / 普通战术牌,信号球·黄,"使用后将该牌放置到我方信号球区最上方，抽1张牌。
【充能自】：从以下2项选择1项。
·若我方侵蚀计数不小于对方，我方侵蚀计数-1。
·选择我方战场最多1张角色，直到回合结束为止，其PP+2000。",/card-images/BP01-084.png
BP01-085,BP01-085,医鸮,BP01-命运交锋,C,1,无,,,黄,战术牌 / 普通战术牌,信号球·黄,"使用后将该牌放置到我方信号球区最上方，抽1张牌。
【充能自】：从以下2项选择1项。
·若我方侵蚀计数不小于对方，我方侵蚀计数-1。
·选择我方战场最多1张角色，直到回合结束为止，其PP+2000。",/card-images/BP01-085.png
BP01-086,BP01-086,如你,BP01-命运交锋,C,1,无,,,黄,战术牌 / 普通战术牌,信号球·黄,"使用后将该牌放置到我方信号球区最上方，抽1张牌。
【充能自】：从以下2项选择1项。
·若我方侵蚀计数不小于对方，我方侵蚀计数-1。
·选择我方战场最多1张角色，直到回合结束为止，其PP+2000。",/card-images/BP01-086.png
BP02-001,BP02-001,伊什梅尔·幻日,BP02-星海时溯,SR,8,空,9,2,,角色牌 / 升变角色牌,观测者 / 伊什梅尔,"升变条件 费用7以下的<伊什梅尔>&「费用上限7及以上」
升变代价【3费】将手牌的该牌重叠在对象上方出场，获得【速攻】。
【出】【3任意信号球】：选择我方手牌1张费用不大于我方明费上限的不为空属性的升变角色，将其效果无效出场。根据其属性执行以下行动。
火属性：直到回合结束为止，该牌DP+1。
雷属性：直到回合结束为止，该牌的攻击不会被PP为3000及以下的角色阻挡。
暗属性：选择我方墓地1张该牌以外的角色，将其加入手牌。
冰属性：在不查看对方手牌的情况下选择其中1张，对方将其丢弃。
物理属性：直到下个回合结束为止，该牌PP+2000。",/card-images/BP02-001.png
BP02-002,BP02-002,伊什梅尔·幻日,BP02-星海时溯,SR,6,空,8,2,,角色牌,观测者 / 伊什梅尔,"【出】：公开我方手牌最多2张属性不同的升变角色，根据其属性执行以下行动。
火属性：直到回合结束为止，该牌可以攻击对方玩家。
雷属性：直到下个回合结束为止，该牌获得【突进】，PP-1000。
暗属性：选择1位玩家，将其牌组顶5张牌放置到墓地。
冰属性：抽1张牌。
物理属性：直到下个回合结束为止，该牌PP+2000。",/card-images/BP02-002.png
BP02-003,BP02-003,观测纪行,BP02-星海时溯,R,5,空,,,,战术牌 / 普通战术牌,,"该牌只能在我方战场存在《伊什梅尔·幻日》时才能使用。
选择我方手牌1张费用不大于我方明费上限的不为空属性的升变角色，将其效果无效出场。",/card-images/BP02-003.png
BP02-004,BP02-004,伊什梅尔·幻日,BP02-星海时溯,R,5,空,6,2,,角色牌,观测者 / 伊什梅尔,【出】丢弃1张手牌：公开我方牌组顶5张牌，选择其中任意数量的属性各不相同的升变角色，将其加入手牌。将剩余的牌加入牌组并洗切。,/card-images/BP02-004.png
BP02-005,BP02-005,伊什梅尔·幻日,BP02-星海时溯,R,4,空,4,2,,角色牌,观测者 / 伊什梅尔,"【永】：【充能0】。
【出】丢弃2张手牌：选择我方墓地1张不为空属性的升变角色，将其加入手牌。",/card-images/BP02-005.png
BP02-006,BP02-006,伊什梅尔·幻日,BP02-星海时溯,U,6,空,5,2,,角色牌,观测者 / 伊什梅尔,【出】：可以公开我方手牌1张火属性或暗属性的升变角色。若如此做，选择对方战场1张角色，直到回合结束为止，其PP-3000。,/card-images/BP02-006.png
BP02-007,BP02-007,伊什梅尔·幻日,BP02-星海时溯,U,5,空,6,2,,角色牌,观测者 / 伊什梅尔,【自】：该牌阻挡时，可以公开我方手牌1张雷属性或冰属性或物理属性的升变角色。若如此做，直到回合结束为止，该牌PP+2000。,/card-images/BP02-007.png
BP02-008,BP02-008,伊什梅尔·幻日,BP02-星海时溯,U,4,空,6,1,,角色牌,观测者 / 伊什梅尔,,/card-images/BP02-008.png
BP02-009,BP02-009,伊什梅尔·幻日,BP02-星海时溯,U,3,空,2,1,,角色牌,观测者 / 伊什梅尔,【永】：若该牌存在于我方战场或费用区，我方可以无视属性条件使用升变角色。（使用升变机制时仍需遵循卡牌属性条件）,/card-images/BP02-009.png
BP02-010,BP02-010,丽芙·极昼,BP02-星海时溯,SR,7,火,9,2,,角色牌 / 升变角色牌,丽芙 / 灰鸦小队·高级,"升变条件 费用为4的<丽芙>&「费用上限6及以上」
升变代价【2费】将手牌的该牌重叠在对象上方出场，获得【速攻】。
【永】：对方回合中，对方选择角色作为攻击对象时，若可以选择该角色，则必须选择该角色。（若存在复数可以作为攻击对象的该牌，则选择其中1张）
【自】【回合1】：我方的<丽芙>角色因效果或代价从战场放置到墓地时，可以消除【2任意信号球】。若如此做，选择我方手牌1张费用为4的《丽芙·极昼》，将其出场。(该牌因效果或代价从战场放置到墓地时也会发动）",/card-images/BP02-010.png
BP02-011,BP02-011,丽芙·极昼,BP02-星海时溯,SR,3,火,4,2,,角色牌,丽芙 / 灰鸦小队·高级,"【永】：【充能0】。
【起】【任意信号球】：将竖直状态的该牌从战场放置到墓地。若如此做，选择我方手牌或墓地1张费用为4的《丽芙·极昼》，将其出场。",/card-images/BP02-011.png
BP02-012,BP02-012,丽芙·极昼,BP02-星海时溯,R,7,火,6,2,,角色牌,丽芙 / 灰鸦小队·高级,"【永】：使用该牌时，可以将我方1张《丽芙·极昼》从战场放置到墓地。若如此做，该牌的费用变为4。
【出】丢弃1张手牌：直到回合结束为止，该牌可以攻击对方玩家。",/card-images/BP02-012.png
BP02-013,BP02-013,丽芙·极昼,BP02-星海时溯,R,4,火,8,2,,角色牌,丽芙 / 灰鸦小队·高级,"【永】：若我方战场的角色少于对方战场的角色，手牌的该牌的费用-1。
【自】：我方的1张费用为6及以下的火属性角色因战斗被破坏时，可以将该牌从战场放置到墓地。若如此做，改为不破坏。",/card-images/BP02-013.png
BP02-014,BP02-014,丽芙·极昼,BP02-星海时溯,R,5,火,4,2,,角色牌,丽芙 / 灰鸦小队·高级,"【永】：若我方战场的角色少于对方战场的角色，手牌的该牌的费用-1。
【起】将该牌从战场放置到墓地：选择我方战场1张《丽芙·极昼》，该回合结束时，将其竖直。",/card-images/BP02-014.png
BP02-015,BP02-015,丽芙·极昼,BP02-星海时溯,U,5,火,5,2,,角色牌,丽芙 / 灰鸦小队·高级,【自】【回合1】：我方的<丽芙>角色因效果或代价从战场放置到墓地时，抽2张牌，丢弃1张手牌。(该牌因效果或代价从战场放置到墓地时也会发动）,/card-images/BP02-015.png
BP02-016,BP02-016,丽芙·极昼,BP02-星海时溯,U,5,火,6,2,,角色牌,丽芙 / 灰鸦小队·高级,【自】【回合1】：我方的<丽芙>角色因效果或代价从战场放置到墓地时，选择我方战场1张火属性角色，直到回合结束为止，其PP+2000。(该牌因效果或代价从战场放置到墓地时也会发动）,/card-images/BP02-016.png
BP02-017,BP02-017,丽芙·极昼,BP02-星海时溯,U,4,火,4,1,,角色牌,丽芙 / 灰鸦小队·高级,【出】【1费】：若该牌从手牌出场，直到回合结束为止，该牌获得【突进】，PP+3000。该回合结束时，将该牌从战场放置到墓地。,/card-images/BP02-017.png
BP02-018,BP02-018,里·异火,BP02-星海时溯,U,5,火,4,2,,角色牌,灰鸦小队 / 里,【出】：直到回合结束为止，我方战场所有角色PP+1000。,/card-images/BP02-018.png
BP02-019,BP02-019,露西亚·鸦羽,BP02-星海时溯,R,5,冰,4,2,,角色牌,灰鸦小队 / 露西亚,【自】：该牌攻击时，可以丢弃手牌最多2张<灰鸦小队>，因此方法丢弃的牌每有1张，抽1张牌。,/card-images/BP02-019.png
BP02-020,BP02-020,永夜曙光,BP02-星海时溯,U,3,火,,,,战术牌 / 普通战术牌,,可以将我方1张《丽芙·极昼》从战场放置到墓地。若如此做，选择对方战场1张PP为5000及以下的角色，将其破坏。,/card-images/BP02-020.png
BP02-021,BP02-021,比安卡·晖暮,BP02-星海时溯,SR,9,暗,11,3,,角色牌,比安卡 / 清理部队,"【出】丢弃手牌2张暗属性的牌：选择对方战场1张角色，直到回合结束为止，其PP-5000。
晖【起】【回合1】消除2同色信号球：将该牌竖直。
暮【永】：【突进】。",/card-images/BP02-021.png
BP02-022,BP02-022,比安卡·晖暮,BP02-星海时溯,SR,8,暗,5.5,2,,角色牌,比安卡 / 清理部队,"晖（我方信号球区最下方的牌的费用为奇数时有效）【永】：手牌的该牌的费用-4。
暮（我方信号球区最下方的牌的费用为偶数时有效）【永】：【速攻】。",/card-images/BP02-022.png
BP02-022【冠军】,BP02-022【冠军】,比安卡·晖暮,PR-推广卡,PR,8,暗,15,2,,角色牌,比安卡 / 清理部队,"晖（我方信号球区最下方的牌的费用为奇数时有效）【永】：手牌的该牌的费用-4。
暮（我方信号球区最下方的牌的费用为偶数时有效）【永】：【速攻】。",/card-images/BP02-022【冠军】.png
BP02-023,BP02-023,比安卡·晖暮,BP02-星海时溯,R,4,暗,5,1,,角色牌,比安卡 / 清理部队,【自】：该牌攻击时，可以将我方手牌1张《比安卡·晖暮》放置到我方信号球区最下方。若如此做，直到回合结束为止，该牌PP+2000。该回合结束时，将因此方法放置到信号球区最下方的牌放置到墓地。,/card-images/BP02-023.png
BP02-024,BP02-024,比安卡·晖暮,BP02-星海时溯,U,5,暗,4.5,2,,角色牌,比安卡 / 清理部队,"【永】：信号球区的该牌的费用+1。
晖（我方信号球区最下方的牌的费用为奇数时有效）【起】【回合1】：将我方信号球区的牌按任意顺序排列。",/card-images/BP02-024.png
BP02-025,BP02-025,浊璃,BP02-星海时溯,U,4,暗,,,,道具牌 / 辅助机牌,,"晖【起】【回合1】横置该牌：选择我方信号球区最下方的牌，将其加入手牌。
暮【起】【回合1】横置该牌：可以将我方手牌1张《比安卡·晖暮》放置到我方信号球区最下方。若如此做，抽1张牌。该回合结束时，将因此方法放置到信号球区最下方的牌放置到墓地。",/card-images/BP02-025.png
BP02-026,BP02-026,拉弥亚·深谣 沉渊终局,BP02-星海时溯,SR,10,暗,8,3,,角色牌 / 升变角色牌,升格者 / 拉弥亚,"升变条件 竖直状态《拉弥亚·深谣 狂涛肇始》&「信号球区的《潮涌球》3张及以上」
升变代价【2费】将手牌或墓地的该牌重叠在对象上方出场，获得【速攻】。
【出】：选择我方墓地最多1张费用为4及以下的《拉弥亚·深谣》，将其出场。
【自】：该牌攻击时，可以将我方信号球区1张《潮涌球》放置到墓地。若如此做，选择我方墓地最多5张各不相同的<拉弥亚>角色，将其加入牌组并洗切。那之后，所有玩家将自己牌组顶5张牌放置到墓地。",/card-images/BP02-026.png
BP02-027,BP02-027,拉弥亚·深谣 狂涛肇始,BP02-星海时溯,SR,9,暗,9,2,,角色牌 / 升变角色牌,升格者 / 拉弥亚,"升变条件 《拉弥亚·深谣 强压层流》&「信号球区的《潮涌球》2张及以上」
升变代价【3费】将手牌的该牌重叠在对象上方出场，获得【速攻】。
【出】【2任意信号球】：选择对方战场1张角色，直到回合结束为止，其PP-5000。
【自】：该牌离场时，可以丢弃2张手牌。若如此做，选择我方墓地1张费用为3及以下的《拉弥亚·深谣》，将其出场。",/card-images/BP02-027.png
BP02-028,BP02-028,拉弥亚·深谣  强压层流,BP02-星海时溯,SR,7,暗,15,2,,角色牌 / 升变角色牌,升格者 / 拉弥亚,"升变条件 费用6以下的<拉弥亚>&「信号球区的《潮涌球》1张及以上」
升变代价【3费】将手牌的该牌重叠在对象上方出场，获得【速攻】。
【出】：公开我方牌组顶4张牌，选择其中最多1张<拉弥亚>角色加入手牌，选择其中最多1张暗属性的牌放置到墓地，将剩余的牌按任意顺序放置到牌组底。",/card-images/BP02-028.png
BP02-029,BP02-029,拉弥亚·深谣,BP02-星海时溯,R,3,暗,3,2,,角色牌,升格者 / 拉弥亚,"【永】：【充能0】。
【出】丢弃1张手牌：公开我方牌组顶2张牌，选择其中最多1张<拉弥亚>角色或《最终棋盘》加入手牌，将剩余的牌放置到墓地。",/card-images/BP02-029.png
BP02-030,BP02-030,拉弥亚·深谣,BP02-星海时溯,R,2,暗,1,0,,角色牌,升格者 / 拉弥亚,【自】：该牌从牌组放置到墓地时，可以丢弃2张手牌。若如此做，将该牌从墓地以横置状态出场。若对方战场的角色为4张及以上，改为将该牌从墓地出场。,/card-images/BP02-030.png
BP02-031,BP02-031,拉弥亚·深谣,BP02-星海时溯,U,6,暗,4.5,2,,角色牌,升格者 / 拉弥亚,"【自】：该牌从牌组放置到墓地时，选择我方战场最多1张<拉弥亚>角色，直到下个回合结束为止，其PP+1000。
【出】：选择我方费用区或墓地最多1张《潮涌球》，将其放置到我方信号球区最下方。",/card-images/BP02-031.png
BP02-032,BP02-032,拉弥亚·深谣,BP02-星海时溯,U,5,暗,6,2,,角色牌,升格者 / 拉弥亚,"【永】：若我方墓地的<拉弥亚>角色为10张及以上，该牌PP+1500。
【出】：将我方牌组顶3张牌放置到墓地。",/card-images/BP02-032.png
BP02-033,BP02-033,拉弥亚·深谣,BP02-星海时溯,U,4,暗,4,1,,角色牌,升格者 / 拉弥亚,【自】：该牌从牌组放置到墓地时，可以消除《红色信号球》。若如此做，选择我方战场最多1张<拉弥亚>角色，直到回合结束为止，其DP+1。,/card-images/BP02-033.png
BP02-034,BP02-034,最终棋盘,BP02-星海时溯,U,6,暗,,,,战术牌 / 普通战术牌,,选择我方墓地1张费用为6及以下的<拉弥亚>角色，将其出场。,/card-images/BP02-034.png
BP02-035,BP02-035,暗潮波动,BP02-星海时溯,U,5,暗,,,,战术牌 / 普通战术牌,,"该牌只能在我方战场存在<拉弥亚>角色时才能使用。
选择对方战场1张角色，直到回合结束为止，我方墓地的<拉弥亚>角色每有1张，其PP-1000。",/card-images/BP02-035.png
BP02-036,BP02-036,潮涌球,BP02-星海时溯,R,3,暗,,,,战术牌 / 瞬时战术牌,,"【永】：该牌可以从墓地使用。该牌的【瞬时】在主要阶段也可以发动。
【瞬时】公开我方牌组顶3张牌，选择其中最多1张<拉弥亚>角色牌加入手牌，将剩余的牌放置到墓地。将该牌放置到我方信号球区最下方。",/card-images/BP02-036.png
BP02-037,BP02-037,含英·檀心,BP02-星海时溯,SR,8,物理,7,2,,角色牌,机械教会 / 九龙商会 / 含英,"【起】【回合1】：从以下2项选择1项。
·若为该牌出场的回合，选择我方手牌或墓地1张《飞叶点翠》，将其装备。若如此做，选择我方费用区最多3张<含英>角色，将其竖直。
·可以将该牌下方的1张《飞叶点翠》放置到墓地并消除【2任意信号球】。若如此做，直到下个回合结束为止，该牌获得【贯通】，PP+1000。",/card-images/BP02-037.png
BP02-038,BP02-038,含英·檀心,BP02-星海时溯,SR,6,物理,8,2,,角色牌,机械教会 / 九龙商会 / 含英,"【起】【回合1】：从以下2项选择1项。
·选择我方手牌1张《飞叶点翠》，将其装备。
·可以将该牌下方的1张《飞叶点翠》放置到墓地。若如此做，选择我方手牌1张费用为3及以下的<含英>角色，将其出场。",/card-images/BP02-038.png
BP02-039,BP02-039,含英·檀心,BP02-星海时溯,R,5,物理,6,2,,角色牌,机械教会 / 九龙商会 / 含英,【出】丢弃1张手牌：公开我方牌组顶4张牌，选择其中最多1张<含英>角色或《飞叶点翠》加入手牌，将剩余的牌按任意顺序放置到牌组底。,/card-images/BP02-039.png
BP02-040,BP02-040,含英·檀心,BP02-星海时溯,R,3,物理,2,1,,角色牌,机械教会 / 九龙商会 / 含英,"【永】：该牌的卡牌名称在所有区域可以视为《飞叶点翠》。
【起】：选择我方战场其他1张《含英·檀心》，将竖直状态的该牌从战场放置到其下方。",/card-images/BP02-040.png
BP02-041,BP02-041,含英·檀心,BP02-星海时溯,U,7,物理,15,2,,角色牌,机械教会 / 九龙商会 / 含英,"【永】：【速攻】。
【永】：使用该牌时，可以将我方战场1张《飞叶点翠》放置到墓地。若如此做，该牌的费用-2。",/card-images/BP02-041.png
BP02-042,BP02-042,含英·檀心,BP02-星海时溯,U,6,物理,6,2,,角色牌,机械教会 / 九龙商会 / 含英,【出】：选择对方战场1张费用为2及以下的角色，将其破坏。若对方战场的角色为4张及以上，改为选择对方战场1张费用为5及以下的角色，将其破坏。,/card-images/BP02-042.png
BP02-043,BP02-043,含英·檀心,BP02-星海时溯,U,5,物理,6,2,,角色牌,机械教会 / 九龙商会 / 含英,"【永】：若该牌下方存在《飞叶点翠》，该牌获得【充能+1】。
【出】：选择我方战场其他1张<九龙商会>角色牌或<机械教会>角色牌，公开我方牌组顶2张牌，选择其中最多1张角色牌放置到其下方，将剩余的牌按任意顺序放置到牌组底。",/card-images/BP02-043.png
BP02-044,BP02-044,含英·檀心,BP02-星海时溯,U,4,物理,4,1,,角色牌,机械教会 / 九龙商会 / 含英,【永】：若该牌下方存在《飞叶点翠》，该牌PP+1500，DP+1。,/card-images/BP02-044.png
BP02-045,BP02-045,含英·檀心,BP02-星海时溯,U,4,物理,6,2,,角色牌,机械教会 / 九龙商会 / 含英,【永】：【充能0】。,/card-images/BP02-045.png
BP02-046,BP02-046,月寒一声,BP02-星海时溯,U,5,物理,,,,战术牌 / 普通战术牌,,"该牌只能在我方费用区的<含英>为3张及以上时才能使用。
选择对方战场1张PP为8000及以下的角色，将其破坏。
可以追加消除【2任意信号球】。若如此做，选择我方墓地1张《飞叶点翠》，将其加入手牌。",/card-images/BP02-046.png
BP02-047,BP02-047,飞叶点翠,BP02-星海时溯,R,3,物理,0.5,,,道具牌 / 装备牌,发簪,"（使用后可在主要阶段放置在装备角色下方，每张角色只能装备1张装备）
【出】：若装备角色为《含英·檀心》，直到回合结束为止，其获得【突进】。",/card-images/BP02-047.png
BP02-048,BP02-048,曲·启明,BP02-星海时溯,SR,8,冰,15,2,,角色牌 / 升变角色牌,曲 / 九龙商会,"升变条件 费用7以下的《曲·启明》
升变代价【3费】将手牌的该牌重叠在对象上方出场。
【出】：选择我方费用区和手牌任意数量的<万世铭>，将其放置到墓地。根据因此方法放置到墓地的<万世铭>的区域，执行以下行动。
  <费用区>  直到下个回合结束为止，该牌获得【速攻】，基本PP变为9999。
  <手牌> 公开我方牌组顶4张牌，选择其中最多2张牌加入手牌，将剩余的牌按任意顺序放置到牌组底。",/card-images/BP02-048.png
BP02-049,BP02-049,曲·启明,BP02-星海时溯,SR,4,冰,6,2,,角色牌,曲 / 九龙商会,"【出】：可以将我方费用区和墓地合计2张<万世铭>加入牌组并洗切。若如此做，直到回合结束为止，该牌获得【速攻】。
【自】【回合1】：该牌因战斗被破坏时，可以将我方手牌1张<万世铭>放置到墓地。若如此做，改为不破坏。",/card-images/BP02-049.png
BP02-050,BP02-050,曲·启明,BP02-星海时溯,R,6,冰,15,2,,角色牌,曲 / 九龙商会,"【出】：公开我方牌组顶5张牌，选择其中最多2张<万世铭>放置到墓地，洗切牌组。因此方法放置到墓地的<万世铭>每有1张，从以下2项选择最多1项。
·直到回合结束为止，该牌获得【速攻】。
·选择我方战场1张《曲·启明》，直到回合结束为止，其获得【充能+1】，PP+1000。",/card-images/BP02-050.png
BP02-051,BP02-051,曲·启明,BP02-星海时溯,R,6,冰,4.5,2,,角色牌,曲 / 九龙商会,【出】：可以将我方费用区和墓地合计最少1张<万世铭>加入牌组并洗切。若如此做，选择我方费用区最多2张《曲·启明》，将其竖直。若因此方法加入牌组的<万世铭>为2张及以上，选择对方战场1张费用为3及以下的角色，将其横置。,/card-images/BP02-051.png
BP02-052,BP02-052,曲·启明,BP02-星海时溯,U,4,冰,5,2,,角色牌,曲 / 九龙商会,"【永】：我方回合中，我方费用区的<万世铭>每有1张，该牌PP+500。
【自】：该牌的攻击结束时，可以消除【3任意信号球】，若如此做，公开我方牌组1张《曲·启明》或<万世铭>，洗切牌组。那之后，将因此方法公开的牌放置到牌组顶。",/card-images/BP02-052.png
BP02-053,BP02-053,曲·启明,BP02-星海时溯,U,4,冰,4,2,,角色牌,曲 / 九龙商会,"【永】：【充能0】。
【自】：该牌攻击时，可以将我方墓地最少1张<万世铭>加入牌组并洗切。若如此做，直到回合结束为止，该牌获得【充能+1】。若因此方法加入牌组的<万世铭>为2张及以上，直到下个回合结束为止，该牌PP+2000。",/card-images/BP02-053.png
BP02-054,BP02-054,曲·启明,BP02-星海时溯,U,4,冰,4,1,,角色牌,曲 / 九龙商会,【出】：公开我方牌组顶1张牌，若其为<曲>角色，可以将其加入手牌。若如此做，丢弃1张手牌。,/card-images/BP02-054.png
BP02-055,BP02-055,启星册魂,BP02-星海时溯,U,1,冰,,,,战术牌 / 普通战术牌,,"该牌只能在我方战场存在《曲·启明》时才能使用。
选择我方牌组1张<万世铭>，将其放置到墓地。那之后，选择我方战场1张《曲·启明》，直到下个回合结束为止，其PP+1000。",/card-images/BP02-055.png
BP02-056,BP02-056,薇拉·绯耀,BP02-星海时溯,SR,7,雷,5.5,2,,角色牌 / 升变角色牌,三头犬小队 / 薇拉,"升变条件 费用6以下的<薇拉>&「费用上限6及以上」
升变代价【3费】将手牌的该牌重叠在对象上方出场，获得【速攻】。
【起】【回合1】【2任意信号球】：选择我方战场1张费用为2及以下的<三头犬小队>角色，直到回合结束为止，其获得【速攻】，PP+2000，基本DP变为1。",/card-images/BP02-056.png
BP02-057,BP02-057,21号·森息,BP02-星海时溯,SR,5,雷,8,2,,角色牌 / 升变角色牌,21号 / 三头犬小队,"升变条件 费用5以下的<21号>&「明费上限5及以上」
升变代价【3费】将手牌的该牌重叠在对象上方出场，获得【速攻】。
【出】：抽2张牌，丢弃2张手牌。
【出】【2任意信号球】：选择我方墓地1张费用为2及以下的<薇拉>角色或<诺克提>角色，将其出场。",/card-images/BP02-057.png
BP02-058,BP02-058,诺克提·擎驱,BP02-星海时溯,R,6,雷,8,2,,角色牌 / 升变角色牌,诺克提 / 三头犬小队,"升变条件 费用5以下的<诺克提>&「费用上限5及以上」
升变代价【3费】将手牌的该牌重叠在对象上方出场，获得【速攻】。
【出】：若我方战场的雷属性角色为2张及以上，选择对方战场1张角色，直到回合结束为止，其失去能力，不能获得新能力。",/card-images/BP02-058.png
BP02-059,BP02-059,薇拉·绯耀,BP02-星海时溯,R,5,雷,4,2,,角色牌,三头犬小队 / 薇拉,【出】丢弃手牌1张费用为2及以下的<三头犬小队>角色：抽2张牌。,/card-images/BP02-059.png
BP02-060,BP02-060,21号·森息,BP02-星海时溯,R,4,雷,5,1,,角色牌,21号 / 三头犬小队,【永】：若我方费用上限不大于对方，手牌和战场的该牌的费用-1。,/card-images/BP02-060.png
BP02-061,BP02-061,21号·森息,BP02-星海时溯,U,6,雷,8,2,,角色牌,21号 / 三头犬小队,"【出】：从以下2项选择1项。若我方战场的<三头犬小队>角色为3张及以上，改为选择2项。
·直到回合结束为止，该牌获得【速攻】。
·选择我方战场1张<三头犬小队>角色，直到回合结束为止，其基本DP变为1。",/card-images/BP02-061.png
BP02-062,BP02-062,薇拉·绯耀,BP02-星海时溯,U,3,雷,2.5,0,,角色牌,三头犬小队 / 薇拉,【自】：该牌攻击时，选择我方战场1张<三头犬小队>角色，直到回合结束为止，其PP+1000。,/card-images/BP02-062.png
BP02-063,BP02-063,21号·森息,BP02-星海时溯,U,2,雷,2.5,1,,角色牌,21号 / 三头犬小队,【自】：该牌横置时，抽1张牌，丢弃1张手牌。,/card-images/BP02-063.png
BP02-064,BP02-064,诺克提·擎驱,BP02-星海时溯,U,3,雷,4,1,,角色牌,诺克提 / 三头犬小队,,/card-images/BP02-064.png
BP02-065,BP02-065,胜光战旗,BP02-星海时溯,U,5,雷,,,,战术牌 / 普通战术牌,,直到回合结束为止，我方战场所有费用为2及以下的<三头犬小队>角色获得【充能1】，PP+2000，基本DP变为1。,/card-images/BP02-065.png
BP02-066,BP02-066,万事·明晰梦,BP02-星海时溯,SR,9,冰,11,2,,角色牌 / 升变角色牌,突击鹰小队 / 万事,"升变条件 费用9以下的<万事>&「费用上限9及以上」
升变代价【4费】将手牌的该牌重叠在对象上方出场，获得【速攻】。
【出】消除2同色信号球：若对方战场不存在冰冻状态的角色，选择对方战场1张角色，将其横置并冰冻。（处于冰冻状态的卡牌在其操控玩家下个回合的竖直阶段无法因规则竖直）
【出】：若该牌为升变出场，选择对方信号球区最多1张信号球，直到下个回合结束为止，其不能被消除。",/card-images/BP02-066.png
BP02-067,BP02-067,万事·明晰梦,BP02-星海时溯,SR,6,冰,4.5,2,,角色牌 / 升变角色牌,突击鹰小队 / 万事,"升变条件 费用5以下的<万事>&「明费上限5及以上」
升变代价【3费】将手牌的该牌重叠在对象上方出场，获得【速攻】。
【出】【2任意信号球】：若对方战场不存在冰冻状态的角色，选择对方战场1张角色，将其冰冻。（处于冰冻状态的卡牌在其操控玩家下个回合的竖直阶段无法因规则竖直）
【永】：若该牌为横置状态，对方只要不额外支付【1费】则不能在横置状态的角色上方进行升变。",/card-images/BP02-067.png
BP02-068,BP02-068,万事·明晰梦,BP02-星海时溯,R,6,冰,15,2,,角色牌,突击鹰小队 / 万事,"【永】：使用该牌时，若对方战场存在冰冻状态的角色，该牌的费用-2。
【永】：【突进】。",/card-images/BP02-068.png
BP02-069,BP02-069,万事·明晰梦,BP02-星海时溯,R,5,冰,6,2,,角色牌,突击鹰小队 / 万事,"【出】：将我方信号球区的牌按任意顺序排列。
【自】：该牌因战斗被破坏时，可以公开我方手牌2张<万事>。若如此做，选择对方战场1张费用为6及以下的角色，将其冰冻。（处于冰冻状态的卡牌在其操控玩家下个回合的竖直阶段无法因规则竖直）",/card-images/BP02-069.png
BP02-070,BP02-070,万事·明晰梦,BP02-星海时溯,R,4,冰,4,1,,角色牌,突击鹰小队 / 万事,"【永】：【充能0】。
【出】【2任意信号球】：可以公开我方手牌2张<万事>。若如此做，选择对方战场1张费用为5及以下的角色，将其冰冻。（处于冰冻状态的卡牌在其操控玩家下个回合的竖直阶段无法因规则竖直）",/card-images/BP02-070.png
BP02-071,BP02-071,万事·明晰梦,BP02-星海时溯,U,6,冰,8,2,,角色牌,突击鹰小队 / 万事,【自】：该牌攻击时，若对方战场存在冰冻状态的角色，选择对方战场1张费用为3及以下的角色，将其返回手牌。,/card-images/BP02-071.png
BP02-072,BP02-072,万事·明晰梦,BP02-星海时溯,U,5,冰,6,2,,角色牌,突击鹰小队 / 万事,【自】：该牌攻击时，若对方战场存在冰冻状态的角色，直到回合结束为止，该牌PP+2000。,/card-images/BP02-072.png
BP02-073,BP02-073,万事·明晰梦,BP02-星海时溯,U,4,冰,6,1,,角色牌,突击鹰小队 / 万事,,/card-images/BP02-073.png
BP02-074,BP02-074,万事·明晰梦,BP02-星海时溯,U,3,冰,2.5,1,,角色牌,突击鹰小队 / 万事,【出】：若对方战场存在冰冻状态的角色，抽1张牌。,/card-images/BP02-074.png
BP02-075,BP02-075,狙杀,BP02-星海时溯,U,4,冰,,,,战术牌 / 普通战术牌,,若我方战场的《万事·明晰梦》为2张及以上，选择对方战场1张冰冻状态的角色，将其破坏。,/card-images/BP02-075.png
BP02-076,BP02-076,瑞雪,BP02-星海时溯,U,2,冰,,,,道具牌 / 辅助机牌,,【起】将该牌从战场放置到墓地：可以公开我方手牌2张<万事>。若如此做，选择对方战场1张费用为5及以下的角色，将其冰冻。,/card-images/BP02-076.png
BP02-077,BP02-077,塞壬,BP02-星海时溯,U,5,暗,4,2,,角色牌,,"【永】：【充能0】。
【永】：【同命】（持有【同命】能力的角色的攻击结束时，可以将该角色破坏。若如此做，将该次攻击中与该角色发生战斗的角色破坏）",/card-images/BP02-077.png
BP02-078,BP02-078,喷涂机械,BP02-星海时溯,U,4,物理,2,1,,角色牌,,"【永】：【充能0】。
【永】：【同命】（持有【同命】能力的角色的攻击结束时，可以将该角色破坏。若如此做，将该次攻击中与该角色发生战斗的角色破坏）",/card-images/BP02-078.png
BP02-079,BP02-079,武藏玖型,BP02-星海时溯,U,4,火,2,1,,角色牌,,"【永】：【充能0】。
【永】：【同命】（持有【同命】能力的角色的攻击结束时，可以将该角色破坏。若如此做，将该次攻击中与该角色发生战斗的角色破坏）",/card-images/BP02-079.png
BP02-080,BP02-080,华胥,BP02-星海时溯,U,4,冰,2,1,,角色牌,,"【永】：【充能0】。
【永】：【同命】（持有【同命】能力的角色的攻击结束时，可以将该角色破坏。若如此做，将该次攻击中与该角色发生战斗的角色破坏）",/card-images/BP02-080.png
BP02-081,BP02-081,光辉行进者,BP02-星海时溯,U,5,雷,4,2,,角色牌,,"【永】：【充能0】。
【永】：【同命】（持有【同命】能力的角色的攻击结束时，可以将该角色破坏。若如此做，将该次攻击中与该角色发生战斗的角色破坏）",/card-images/BP02-081.png
BP02-082,BP02-082,落木惊堂,BP02-星海时溯,C,1,无,,,红,战术牌 / 普通战术牌,信号球·红,"使用后将该牌放置到我方信号球区最上方，抽1张牌。
【充能自】：从以下2项选择1项。
·选择我方战场最多1张角色，直到回合结束为止，其DP+1。
·选择我方战场最多1张角色，直到回合结束为止，其PP+2000。",/card-images/BP02-082.png
BP02-083,BP02-083,纯白的救赎,BP02-星海时溯,C,1,无,,,红,战术牌 / 普通战术牌,信号球·红,"使用后将该牌放置到我方信号球区最上方，抽1张牌。
【充能自】：从以下2项选择1项。
·选择我方战场最多1张角色，直到回合结束为止，其DP+1。
·选择我方战场最多1张角色，直到回合结束为止，其PP+2000。",/card-images/BP02-083.png
BP02-084,BP02-084,黑与白,BP02-星海时溯,C,1,无,,,红,战术牌 / 普通战术牌,信号球·红,"使用后将该牌放置到我方信号球区最上方，抽1张牌。
【充能自】：从以下2项选择1项。
·选择我方战场最多1张角色，直到回合结束为止，其DP+1。
·选择我方战场最多1张角色，直到回合结束为止，其PP+2000。",/card-images/BP02-084.png
BP02-085,BP02-085,折影虚暮,BP02-星海时溯,C,1,无,,,蓝,战术牌 / 普通战术牌,信号球·蓝,"使用后将该牌放置到我方信号球区最上方，抽1张牌。
【充能自】：从以下2项选择1项。
·抽1张牌。
·选择我方战场最多1张角色，直到回合结束为止，其PP+2000。",/card-images/BP02-085.png
BP02-086,BP02-086,灯塔,BP02-星海时溯,C,1,无,,,蓝,战术牌 / 普通战术牌,信号球·蓝,"使用后将该牌放置到我方信号球区最上方，抽1张牌。
【充能自】：从以下2项选择1项。
·抽1张牌。
·选择我方战场最多1张角色，直到回合结束为止，其PP+2000。",/card-images/BP02-086.png
BP02-087,BP02-087,写给繁星的情书,BP02-星海时溯,C,1,无,,,蓝,战术牌 / 普通战术牌,信号球·蓝,"使用后将该牌放置到我方信号球区最上方，抽1张牌。
【充能自】：从以下2项选择1项。
·抽1张牌。
·选择我方战场最多1张角色，直到回合结束为止，其PP+2000。",/card-images/BP02-087.png
BP02-088,BP02-088,琥珀,BP02-星海时溯,C,1,无,,,黄,战术牌 / 普通战术牌,信号球·黄,"使用后将该牌放置到我方信号球区最上方，抽1张牌。
【充能自】：从以下2项选择1项。
·若我方侵蚀计数不小于对方，我方侵蚀计数-1。
·选择我方战场最多1张角色，直到回合结束为止，其PP+2000。",/card-images/BP02-088.png
BP02-089,BP02-089,过往与未来,BP02-星海时溯,C,1,无,,,黄,战术牌 / 普通战术牌,信号球·黄,"使用后将该牌放置到我方信号球区最上方，抽1张牌。
【充能自】：从以下2项选择1项。
·若我方侵蚀计数不小于对方，我方侵蚀计数-1。
·选择我方战场最多1张角色，直到回合结束为止，其PP+2000。",/card-images/BP02-089.png
BP02-090,BP02-090,午后休憩,BP02-星海时溯,C,1,无,,,黄,战术牌 / 普通战术牌,信号球·黄,"使用后将该牌放置到我方信号球区最上方，抽1张牌。
【充能自】：从以下2项选择1项。
·若我方侵蚀计数不小于对方，我方侵蚀计数-1。
·选择我方战场最多1张角色，直到回合结束为止，其PP+2000。",/card-images/BP02-090.png
BP03-001,BP03-001,露西亚·誓焰,BP03-誓焰破晓,SR,8,火,7,1,,角色牌 / 升变角色牌,露西亚 / 灰鸦小队·高级,"【升变条件】战场或浮空模式的费用8以下的《露西亚·誓焰》＆「费用上限8及以上」
【升变费用】3费
【升变能力】将手牌的该牌重叠在对象上方出场，获得【速攻】
【起】：若我方战场的角色只存在《露西亚·誓焰》，将该牌【浮空】。
【出】：该牌从处理区出场或将浮空模式的角色作为升变对象升变出场时，从以下2项选择最多1项。若我方侵蚀计数为4及以上，改为选择最多2项。
·直到下个回合结束为止，该牌PP+1000，DP+1。
·若该牌为升变出场且我方战场的角色少于对方战场的角色，可以消除2同色信号球。若如此做，选择对方战场任意数量的费用合计为8及以下的角色，将其破坏。",/card-images/BP03-001.png
BP03-002,BP03-002,露西亚·誓焰,BP03-誓焰破晓,R,7,火,9,2,,角色牌,露西亚 / 灰鸦小队·高级,"【起】【5费】：若我方战场的角色只存在《露西亚·誓焰》，将手牌的该牌【浮空】。（若我方处理区不存在浮空模式的卡牌，将该牌放置到处理区变为浮空模式。其操控玩家下个回合开始时，将该牌从处理区出场）
【永】：【速攻】。",/card-images/BP03-002.png
BP03-003,BP03-003,露西亚·誓焰,BP03-誓焰破晓,SR,7,火,5.5,1,,角色牌 / 升变角色牌,露西亚 / 灰鸦小队·高级,"【升变条件】费用6以下的《露西亚·誓焰》＆「我方战场的角色为3张及以下」
【升变费用】3费
【升变能力】将手牌的该牌重叠在对象上方出场
【出】：直到回合结束为止，该牌可以攻击对方玩家。
【起】【回合1】：若我方战场的角色只存在《露西亚·誓焰》，将竖直状态的该牌【浮空】。可以追加消除【2任意信号球icon】。若如此做，选择我方战场1张《露西亚·誓焰》，直到回合结束为止，其获得【速攻】，PP+1000。（若未将该牌【浮空】则无法执行后续行动）",/card-images/BP03-003.png
BP03-004,BP03-004,露西亚·誓焰,BP03-誓焰破晓,SR,6,火,8,2,,角色牌,露西亚 / 灰鸦小队·高级,"【永】：使用该牌时，若我方费用区存在暗费，该牌的费用-2。（仅在使用该牌时费用-2）
【出】：若我方处理区存在浮空模式的《露西亚·誓焰》，可以丢弃手牌2张火属性的牌。若如此做，从以下2项选择1项。
·选择我方处理区1张浮空模式的《露西亚·誓焰》，将其出场。
·选择对方战场1张PP为4000及以下的角色，将其破坏。",/card-images/BP03-004.png
BP03-005,BP03-005,露西亚·誓焰,BP03-誓焰破晓,R,6,火,8,2,,角色牌,露西亚 / 灰鸦小队·高级,"【出】：选择我方战场其他1张《露西亚·誓焰》，可以将其【浮空】。（若我方处理区不存在浮空模式的卡牌，将选择的牌放置到处理区变为浮空模式。其操控玩家下个回合开始时，将其从处理区出场）
【自】【回合1】：我方1张《露西亚·誓焰》从处理区出场或将浮空模式的角色作为升变对象升变出场时，可以消除【2任意信号球icon】。若如此做，直到回合结束为止，该牌获得【速攻】，PP+1000。",/card-images/BP03-005.png
BP03-006,BP03-006,露西亚·誓焰,BP03-誓焰破晓,U,5,火,6,2,,角色牌,露西亚 / 灰鸦小队·高级,"【起】【1费】：若我方战场的角色只存在《露西亚·誓焰》，将该牌【浮空】。（若我方处理区不存在浮空模式的卡牌，将该牌放置到处理区变为浮空模式。其操控玩家下个回合开始时，将该牌从处理区出场）
【出】：抽1张牌，丢弃1张手牌。",/card-images/BP03-006.png
BP03-007,BP03-007,露西亚·誓焰,BP03-誓焰破晓,R,5,火,7,2,,角色牌,露西亚 / 灰鸦小队·高级,【自】：该牌攻击结束时，若我方战场的角色只存在《露西亚·誓焰》，可以将该牌【浮空】。（若我方处理区不存在浮空模式的卡牌，将该牌放置到处理区变为浮空模式。其操控玩家下个回合开始时，将该牌从处理区出场）,/card-images/BP03-007.png
BP03-008,BP03-008,露西亚·誓焰,BP03-誓焰破晓,U,4,火,4,1,,角色牌,露西亚 / 灰鸦小队·高级,"【起】【1费】：若我方战场的角色只存在《露西亚·誓焰》，将该牌【浮空】。（若我方处理区不存在浮空模式的卡牌，将该牌放置到处理区变为浮空模式。其操控玩家下个回合开始时，将该牌从处理区出场）
【永】：【充能0】。",/card-images/BP03-008.png
BP03-009,BP03-009,露西亚·誓焰,BP03-誓焰破晓,U,4,火,4,1,,角色牌,露西亚 / 灰鸦小队·高级,【永】：若我方处理区存在浮空模式的角色，该牌基本DP变为1。,/card-images/BP03-009.png
BP03-010,BP03-010,旋光灿昼,BP03-誓焰破晓,R,3,火,,,,战术牌 / 瞬时战术牌,,【瞬时】：选择我方处理区1张浮空模式的《露西亚·誓焰》，将其以横置状态出场。若我方战场的角色少于对方战场的角色，改为将其出场。,/card-images/BP03-010.png
BP03-011,BP03-011,烈羽扬锋,BP03-誓焰破晓,U,2,火,,,,战术牌 / 瞬时战术牌,,【瞬时】：对方回合中，若我方战场的角色只存在《露西亚·誓焰》，选择我方战场1张《露西亚·誓焰》，将其【浮空】。（若我方处理区不存在浮空模式的卡牌，将选择的牌放置到处理区变为浮空模式。其操控玩家下个回合开始时，将其从处理区出场）,/card-images/BP03-011.png
BP03-012,BP03-012,七实·芒星之迹,BP03-誓焰破晓,SR,7,雷,15,2,,角色牌 / 升变角色牌,七实 / 机械教会,"【升变条件】 费用7以下的《七实·芒星之迹》＆「信号球区的牌7张及以上」
【升变费用】【3费】
【升变能力】将手牌的该牌重叠在对象上方出场，获得【突进】
【出】：可以将信号球区所有牌放置到墓地。若因此方法将7张及以上的牌放置到墓地，执行以下行动。（根据任意顺序执行）
·直到回合结束为止，该牌基本PP变为7777，可以选择竖直状态的角色作为攻击对象，获得【贯通】。
·选择对方战场最多1张角色，直到回合结束为止，其PP变为70。",/card-images/BP03-012.png
BP03-013,BP03-013,七实·芒星之迹,BP03-誓焰破晓,SR,7,雷,9,1,,角色牌 / 升变角色牌,七实 / 机械教会,"【升变条件】 费用7以下的《七实·芒星之迹》＆「费用上限7及以上」
【升变费用】【3费】
【升变能力】将手牌的该牌重叠在对象上方出场，获得【速攻】
【自】：该牌攻击时，可以将我方手牌最多2张雷属性的牌以背面表示放置到信号球区最下方。若如此做，抽1张牌。直到回合结束为止，该牌基本PP变为7777。
【起】【回合1】：可以将信号球区最上方3张牌放置到墓地。若如此做，选择我方战场1张《七实·芒星之迹》，直到回合结束为止，其获得【速攻】。",/card-images/BP03-013.png
BP03-014,BP03-014,七实·芒星之迹,BP03-誓焰破晓,R,5,雷,8,2,,角色牌,七实 / 机械教会,"【出】：若我方战场的角色只存在《七实·芒星之迹》，从以下2项选择1项。
·若我方信号球区的牌为7张以下，可以将我方牌组顶2张牌以背面表示放置到信号球区最下方。
·若我方信号球区的牌为7张及以上，可以将信号球区最上方4张牌放置到墓地。若如此做，直到回合结束为止，该牌获得【突进】【贯通】，基本PP变为7777。",/card-images/BP03-014.png
BP03-015,BP03-015,七实·芒星之迹,BP03-誓焰破晓,U,6,雷,8,2,,角色牌,七实 / 机械教会,"【出】：若因该牌的使用代价支付过暗费，直到回合结束为止，该牌获得【突进】。
【自】：该牌攻击时，若我方信号球区的牌为7张以下，可以将我方牌组顶2张牌以背面表示放置到信号球区最下方。",/card-images/BP03-015.png
BP03-016,BP03-016,七实·芒星之迹,BP03-誓焰破晓,U,5,雷,6,2,,角色牌,七实 / 机械教会,【出】：若我方信号球区的牌为7张及以上，可以将信号球区最上方2张牌放置到墓地。若如此做，直到回合结束为止，该牌获得【速攻】。,/card-images/BP03-016.png
BP03-017,BP03-017,七实·芒星之迹,BP03-誓焰破晓,R,5,雷,3.5,2,,角色牌,七实 / 机械教会,【出】：可以将我方最多1张手牌以背面表示放置到信号球区最下方。若如此做，公开我方牌组顶4张牌，选择其中最多1张《七实·芒星之迹》加入手牌，将剩余的牌按任意顺序放置到牌组底。,/card-images/BP03-017.png
BP03-018,BP03-018,七实·芒星之迹,BP03-誓焰破晓,U,4,雷,4,1,,角色牌,七实 / 机械教会,【自】：该牌攻击时，若我方信号球区的牌为7张及以上，直到回合结束为止，该牌PP+2000。,/card-images/BP03-018.png
BP03-019,BP03-019,七实·芒星之迹,BP03-誓焰破晓,U,4,雷,4,2,,角色牌,七实 / 机械教会,"【永】：【充能0】。
【出】：可以将我方最多1张手牌以背面表示放置到信号球区最下方。若如此做，抽1张牌。",/card-images/BP03-019.png
BP03-020,BP03-020,七实·芒星之迹,BP03-誓焰破晓,U,3,雷,2,1,,角色牌,七实 / 机械教会,【自】：该牌因战斗被破坏时，若我方信号球区的牌为7张以下，可以将该牌以背面表示放置到信号球区最下方。,/card-images/BP03-020.png
BP03-021,BP03-021,鮟棘,BP03-誓焰破晓,U,3,雷,,,,道具牌 / 辅助机牌,,【起】横置该牌：若我方信号球区的牌为7张以下，公开我方牌组顶1张牌。若其为《七实·芒星之迹》或《鮟棘》，将其以背面表示放置到信号球区最下方。,/card-images/BP03-021.png
BP03-022,BP03-022,星芒构解,BP03-誓焰破晓,R,3,雷,,,,战术牌 / 普通战术牌,,选择我方战场1张《七实·芒星之迹》，直到回合结束为止，其可以选择费用为4及以下的竖直状态的角色作为攻击对象。,/card-images/BP03-022.png
BP03-023,BP03-023,里·超刻,BP03-誓焰破晓,SR,9,火,6.5,2,,角色牌 / 升变角色牌,里 / 灰鸦小队·高级,"【升变条件】 费用9以下的《里·超刻》&「费用上限9及以上」
【升变代价】【4费】
【升变能力】 将手牌的该牌重叠在对象上方出场，获得【速攻】
【自】：该牌攻击结束时，若该牌攻击的充能步骤中充能持有【充能自icon】的卡牌，可以消除【2任意信号球icon】。若如此做，选择对方战场1张PP为5000及以下的角色，将其破坏。
【充能自】：若为《里·超刻》的攻击充能，可以将该牌无视【升变条件「费用上限9及以上」】，升变代价变为【3费】从处理区升变出场。",/card-images/BP03-023.png
BP03-024,BP03-024,里·超刻,BP03-誓焰破晓,R,9,火,9,2,,角色牌,里 / 灰鸦小队·高级,"【出】：直到回合结束为止，该牌可以攻击对方玩家。
【充能自】：《里·超刻》的该【充能自icon】能力每回合最多发动1次。若我方战场的角色只存在《里·超刻》，可以丢弃手牌3张《里·超刻》。若如此做，将该牌从处理区出场。该回合结束时，将该牌从战场放置到牌组底。",/card-images/BP03-024.png
BP03-025,BP03-025,里·超刻,BP03-誓焰破晓,SR,7,火,6,2,,角色牌 / 升变角色牌,里 / 灰鸦小队·高级,"【升变条件】 费用6以下的《里·超刻》&「费用上限6及以上」
【升变代价】【3费】
【升变能力】 将手牌的该牌重叠在对象上方出场，获得【速攻】
【自】：该牌攻击时，可以查看我方牌组顶最多1张牌，选择其中最多1张牌放置到牌组顶，将剩余的牌按任意顺序放置到牌组底。
【出】：抽1张牌。可以公开我方手牌最多1张《里·超刻》，将其放置到牌组顶。",/card-images/BP03-025.png
BP03-026,BP03-026,里·超刻,BP03-誓焰破晓,R,6,火,8,1,,角色牌,里 / 灰鸦小队·高级,"【永】：使用该牌时，若该回合中我方在《里·超刻》攻击的充能步骤中充能持有【充能自icon】的卡牌，该牌的费用-2。（仅在使用该牌时费用-2）
【永】：【速攻】。",/card-images/BP03-026.png
BP03-027,BP03-027,里·超刻,BP03-誓焰破晓,U,5,火,9,2,,角色牌,里 / 灰鸦小队·高级,"【出】：公开我方牌组顶1张牌，若其为持有【充能自icon】的牌，直到回合结束为止，该牌可以攻击对方玩家。
【起】【回合1】丢弃手牌1张《里·超刻》：直到回合结束为止，该牌获得【充能+1icon】。",/card-images/BP03-027.png
BP03-028,BP03-028,里·超刻,BP03-誓焰破晓,R,5,火,7,2,,角色牌,里 / 灰鸦小队·高级,"【充能自】：若为《里·超刻》的攻击充能，可以将该牌从处理区放置到墓地并消除【黄色信号球icon】。若如此做，从以下2项选择1项。
·选择我方战场1张《里·超刻》，直到回合结束为止，其获得【速攻】。
·选择我方战场1张《里·超刻》，该回合结束时，将其竖直。",/card-images/BP03-028.png
BP03-029,BP03-029,里·超刻,BP03-誓焰破晓,U,5,火,6,2,,角色牌,里 / 灰鸦小队·高级,【自】：该牌攻击时，可以公开我方手牌最多1张《里·超刻》，将其放置到牌组顶。,/card-images/BP03-029.png
BP03-030,BP03-030,里·超刻,BP03-誓焰破晓,U,4,火,4,1,,角色牌,里 / 灰鸦小队·高级,【出】：公开我方牌组顶1张牌，若其为持有【充能自icon】的牌，直到下个回合结束为止，该牌PP+1500。,/card-images/BP03-030.png
BP03-031,BP03-031,里·超刻,BP03-誓焰破晓,U,4,火,4,1,,角色牌,里 / 灰鸦小队·高级,【永】：若我方战场的角色只存在《里·超刻》，该牌基本DP变为1。,/card-images/BP03-031.png
BP03-032,BP03-032,超宏爆发,BP03-誓焰破晓,R,5,火,,,,战术牌 / 普通战术牌,,"若我方战场的角色只存在《里·超刻》，选择对方战场1张PP为7000及以下的角色，将其放置到对方牌组底。
【充能自】：若我方战场的角色只存在《里·超刻》，可以将该牌从处理区放置到墓地并支付【3费 icon】。若如此做，选择对方战场1张角色，将其放置到对方牌组底。",/card-images/BP03-032.png
BP03-033,BP03-033,时隧之钥-斯托克斯,BP03-誓焰破晓,U,3,火,12,,,道具牌 / 装备牌,复合兵装,"（使用后可在主要阶段放置在装备角色下方，每张角色只能装备1张装备）
【永】：若装备角色为《里·超刻》，其获得【充能+1icon】。",/card-images/BP03-033.png
BP03-034,BP03-034,罗塞塔·凛冽,BP03-誓焰破晓,SR,7,物理,9,2,,角色牌,罗塞塔 / 守林人,"【永】 ：若我方战场的角色只存在《罗塞塔·凛冽》，该牌获得【速攻】。
【出】：根据该回合中我方已使用的卡牌的张数，执行以下行动。
·1张：选择我方战场1张《冈格尼尔》，选择我方最多1张手牌放置到其下方。
·2张：直到回合结束为止，我方使用的下1张《罗塞塔·凛冽》的费用-4。
·3张：可以消除【2任意信号球icon】。若如此做，选择对方战场1张角色，将其返回手牌。",/card-images/BP03-034.png
BP03-035,BP03-035,罗塞塔·凛冽,BP03-誓焰破晓,SR,6,物理,8,2,,角色牌,罗塞塔 / 守林人,"【出】 ：抽1张牌。可以将该回合中我方已使用的卡牌的张数视为增加1张。
【自】 ：我方回合结束时，若我方战场的角色只存在《罗塞塔·凛冽》，直到下个回合结束为止，该牌PP+1000。",/card-images/BP03-035.png
BP03-036,BP03-036,罗塞塔·凛冽,BP03-誓焰破晓,U,6,物理,9,2,,角色牌,罗塞塔 / 守林人,【永】 ：使用该牌时，若该牌为该回合中我方使用的第3张牌，该牌的费用-2。（仅在使用该牌时费用-2）,/card-images/BP03-036.png
BP03-037,BP03-037,罗塞塔·凛冽,BP03-誓焰破晓,U,5,物理,5,2,,角色牌,罗塞塔 / 守林人,【出】 ：公开我方牌组顶4张牌，选择其中最多1张《罗塞塔·凛冽》或《冈格尼尔》加入手牌，将剩余的牌按任意顺序放置到牌组底。,/card-images/BP03-037.png
BP03-038,BP03-038,罗塞塔·凛冽,BP03-誓焰破晓,U,5,物理,6,2,,角色牌,罗塞塔 / 守林人,【出】 ：若该牌为该回合中我方使用的第3张牌，直到下个回合结束为止，该牌获得【突进】，PP+1500。,/card-images/BP03-038.png
BP03-039,BP03-039,罗塞塔·凛冽,BP03-誓焰破晓,R,4,物理,4,2,,角色牌,罗塞塔 / 守林人,"【永】 ：【充能0】。
【自】 ：我方回合结束时，若该回合中我方已使用的卡牌的张数为3张，抽1张牌。",/card-images/BP03-039.png
BP03-040,BP03-040,罗塞塔·凛冽,BP03-誓焰破晓,U,3,物理,3,1,,角色牌,罗塞塔 / 守林人,【自】 ：该牌攻击时，若该回合中我方已使用的卡牌的张数为3张，直到下个回合结束为止，该牌PP+1000，DP+1。,/card-images/BP03-040.png
BP03-041,BP03-041,罗塞塔·凛冽,BP03-誓焰破晓,U,3,物理,2,1,,角色牌,罗塞塔 / 守林人,【出】 ：可以将该回合中我方已使用的卡牌的张数视为增加1张。,/card-images/BP03-041.png
BP03-042,BP03-042,冈格尼尔,BP03-誓焰破晓,R,3,物理,0.5,,,道具牌 / 装备牌,枪盾,"【起】【回合1】：若该牌未被装备且该回合中我方已使用的卡牌的张数为3张，从以下2项选择1项。
·若我方战场的角色只存在《罗塞塔·凛冽》，选择我方手牌或战场1张物理属性的牌，将其放置到该牌下方。
·若该牌下方的牌为3张及以上，可以将该牌下方的所有牌放置到墓地并消除2同色信号球。若如此做，将对方战场所有横置状态的角色破坏。",/card-images/BP03-042.png
BP03-043,BP03-043,涤罪之枪,BP03-誓焰破晓,R,5,物理,,,,战术牌 / 普通战术牌,,"【永】：使用该牌时，若该牌为该回合中我方使用的第3张牌，该牌的费用-1。
若我方战场存在《罗塞塔·凛冽》，选择对方战场1张PP为7000及以下的角色，将其返回手牌。",/card-images/BP03-043.png
BP03-044,BP03-044,凛冽之心,BP03-誓焰破晓,U,3,物理,,,,战术牌 / 普通战术牌,,"抽1张牌。从以下2项选择1项。
·可以将该回合中我方已使用的卡牌的张数视为增加1张。
·若该牌为该回合中我方使用的第3张牌，选择我方战场1张《罗塞塔·凛冽》，将其竖直。",/card-images/BP03-044.png
BP03-045,BP03-045,艾拉·万华,BP03-誓焰破晓,SR,10,冰,6,2,,角色牌,艺术协会 / 虹莺小队 / 艾拉,"【永】：【速攻】。
【自】：该牌攻击时，若我方战场的角色少于对方战场的角色，直到回合结束为止，该牌获得【贯通】。
【起】【5费】：若该牌存在于费用区且我方费用区的《艾拉·万华》为7张及以上时才能发动。选择我方战场1张该牌以外的《艾拉·万华》，将其放置到牌组底。若如此做，将该牌从费用区出场。",/card-images/BP03-045.png
BP03-046,BP03-046,艾拉·万华,BP03-誓焰破晓,R,10,冰,9,2,,角色牌,艺术协会 / 虹莺小队 / 艾拉,"【自】：该牌阻挡时，直到回合结束为止，该牌PP+3000。
【自】：对方回合中，该牌离场时，可以选择我方费用区1张费用为5及以下的《艾拉·万华》出场。因此方法出场的角色的【出icon】能力不能发动。
【起】【5费】：若该牌存在于费用区且我方费用区的《艾拉·万华》为7张及以上时才能发动。选择我方战场1张该牌以外的《艾拉·万华》，将其放置到牌组底。若如此做，将该牌从费用区出场。",/card-images/BP03-046.png
BP03-047,BP03-047,艾拉·万华,BP03-誓焰破晓,U,7,冰,5.5,2,,角色牌,艺术协会 / 虹莺小队 / 艾拉,"【永】：【速攻】。
【起】：若该牌存在于费用区且我方费用区的《艾拉·万华》为7张及以上时才能发动。可以将该牌从费用区放置到牌组底并消除【2任意信号球icon】。若如此做，选择对方战场1张费用为3及以下的角色，将其以横置状态放置到费用区。",/card-images/BP03-047.png
BP03-048,BP03-048,艾拉·万华,BP03-誓焰破晓,SR,6,冰,7,2,,角色牌,艺术协会 / 虹莺小队 / 艾拉,"【永】：【突进】。
【自】：该牌攻击时，选择我方手牌最多1张《艾拉·万华》，将其以横置状态放置到费用区。",/card-images/BP03-048.png
BP03-049,BP03-049,艾拉·万华,BP03-誓焰破晓,R,6,冰,8,2,,角色牌,艺术协会 / 虹莺小队 / 艾拉,"【起】【回合1】【2任意信号球icon】：根据因此方法消除的牌持有的信号球标记，执行以下行动。
·1种：若我方费用区的《艾拉·万华》为6张及以上，可以将该牌以横置状态放置到费用区。若如此做，选择我方费用区1张《艾拉·万华》，将其出场。
·2种及以上：直到回合结束为止，该牌获得【速攻】。",/card-images/BP03-049.png
BP03-050,BP03-050,艾拉·万华,BP03-誓焰破晓,U,4,冰,6,2,,角色牌,艺术协会 / 虹莺小队 / 艾拉,【起】：若该牌存在于费用区且我方费用区的《艾拉·万华》为6张及以上时才能发动。将该牌从费用区放置到牌组底。若如此做，选择我方战场1张《艾拉·万华》，直到回合结束为止，其PP+2000。可以追加消除【2任意信号球icon】。若如此做，追加直到回合结束为止，其获得【速攻】。,/card-images/BP03-050.png
BP03-051,BP03-051,艾拉·万华,BP03-誓焰破晓,U,5,冰,5,2,,角色牌,艺术协会 / 虹莺小队 / 艾拉,"【永】：若我方费用上限为7及以上，该牌获得【突进】，PP+1000。
【出】丢弃手牌1张冰属性的牌：将我方牌组顶1张牌以横置状态放置到费用区，选择我方费用区1张牌，将其加入手牌。若我方费用区的《艾拉·万华》为6张及以上，改为选择我方费用区最多1张牌，将其加入手牌。",/card-images/BP03-051.png
BP03-052,BP03-052,艾拉·万华,BP03-誓焰破晓,U,4,冰,4,1,,角色牌,艺术协会 / 虹莺小队 / 艾拉,【永】：若该牌存在于费用区且我方费用区的《艾拉·万华》为5张及以上，我方费用区的费用数量上限变为11。,/card-images/BP03-052.png
BP03-053,BP03-053,艾拉·万华,BP03-誓焰破晓,U,4,冰,4,2,,角色牌,艺术协会 / 虹莺小队 / 艾拉,"【永】：【充能0】。
【出】丢弃手牌1张冰属性的牌：将我方牌组顶1张牌以横置状态放置到费用区，选择我方费用区1张牌，将其加入手牌。若我方费用区的《艾拉·万华》为5张及以上，改为选择我方费用区最多1张牌，将其加入手牌。",/card-images/BP03-053.png
BP03-054,BP03-054,艾拉·万华,BP03-誓焰破晓,R,3,冰,1,1,,角色牌,艺术协会 / 虹莺小队 / 艾拉,【瞬时】：若该牌存在于费用区且角色攻击时才能发动。将该牌从费用区放置到牌组底。若如此做，选择我方战场1张<艺术协会>角色，直到那次攻击结束为止，其PP+1000。,/card-images/BP03-054.png
BP03-055,BP03-055,虹霁,BP03-誓焰破晓,U,3,冰,,,,道具牌 / 辅助机牌,,【起】横置该牌：可以将我方手牌1张《艾拉·万华》以横置状态放置到费用区。若如此做，选择我方费用区1张明费，将其加入手牌。若我方费用区的《艾拉·万华》为6张及以上，改为选择我方费用区最多1张明费，将其加入手牌。,/card-images/BP03-055.png
BP03-056,BP03-056,莉莉丝·谬影 纸牌屋,BP03-誓焰破晓,SR,6,暗,15,2,,角色牌 / 升变角色牌,升格者 / 莉莉丝,"【升变条件】 费用6以下的《莉莉丝·谬影》＆「费用上限6及以上」
【升变费用】【3费】
【升变能力】将手牌的该牌重叠在对象上方出场，获得【速攻】。
【出】：抽1张牌，丢弃1张手牌。
【起】【回合1】【2任意信号球icon】：选择我方墓地1张《莉莉丝·谬影》，选择其持有的1个【出icon】能力。该牌发动因此方法选择的【出icon】能力。那之后，将因此方法选择的《莉莉丝·谬影》从墓地放置到牌组底。",/card-images/BP03-056.png
BP03-057,BP03-057,莉莉丝·谬影,BP03-誓焰破晓,U,7,暗,5.5,2,,角色牌,升格者 / 莉莉丝,"【永】：【突进】。
【出】：可以公开我方手牌1张<莉莉丝>并将其丢弃。对方可以丢弃手牌1张费用比我方因此方法公开的牌高的牌。若未如此做，直到回合结束为止，该牌获得【贯通】。",/card-images/BP03-057.png
BP03-058,BP03-058,莉莉丝·谬影,BP03-誓焰破晓,R,5,暗,9,2,,角色牌,升格者 / 莉莉丝,【出】：公开我方牌组顶5张牌。可以选择因此方法公开的牌和我方手牌中合计5张费用递增的牌放置到墓地。若如此做，选择我方墓地1张费用为4及以下的《莉莉丝·谬影》，将其出场。那之后，将剩余因此方法公开的牌加入牌组并洗切。（例如将费用分别为0、1、2、3、4的牌放置到墓地）,/card-images/BP03-058.png
BP03-059,BP03-059,莉莉丝·谬影,BP03-誓焰破晓,SR,6,暗,4,2,,角色牌,升格者 / 莉莉丝,"【出】：可以公开我方手牌最多2张<莉莉丝>。依次公开我方牌组顶最多5张牌，根据因此方法公开的<莉莉丝>的费用合计，执行以下行动。那之后，将因此方法公开的牌加入牌组并洗切。
·费用合计为19或20：选择对方战场1张角色，直到回合结束为止，其PP-4000。
·费用合计为21：选择对方战场1张角色，直到回合结束为止，其PP-9999。",/card-images/BP03-059.png
BP03-060,BP03-060,莉莉丝·谬影,BP03-誓焰破晓,U,5,暗,4,2,,角色牌,升格者 / 莉莉丝,【出】：公开我方牌组顶3张牌。选择我方战场1张<莉莉丝>角色，因此方法公开的费用各不相同的牌每有1张，直到下个回合结束为止，其PP+1000。那之后，将因此方法公开的牌按任意顺序放置到牌组底。,/card-images/BP03-060.png
BP03-061,BP03-061,莉莉丝·谬影,BP03-誓焰破晓,R,5,暗,6,2,,角色牌,升格者 / 莉莉丝,"【出】：查看我方牌组顶1张牌，可以将其放置到墓地。
【出】：对方宣言奇数或偶数。公开我方牌组顶1张牌，若因此方法公开的牌的费用与对方宣言的不同，选择我方战场1张<莉莉丝>角色，该回合结束时，将其竖直。",/card-images/BP03-061.png
BP03-062,BP03-062,莉莉丝·谬影,BP03-誓焰破晓,R,4,暗,4,2,,角色牌,升格者 / 莉莉丝,"【永】：【充能0】。
【出】：公开我方牌组顶3张牌并将其放置到墓地。若因此方法将费用相同的牌公开，选择我方墓地最多1张<莉莉丝>，将其加入手牌。",/card-images/BP03-062.png
BP03-063,BP03-063,莉莉丝·谬影,BP03-誓焰破晓,U,4,暗,4,1,,角色牌,升格者 / 莉莉丝,"【出】：查看我方牌组顶1张牌，可以将其放置到墓地。
【出】：所有玩家公开牌组顶1张牌，执行以下行动。
·若我方公开的牌的费用大于对方，我方抽1张牌。
·若对方公开的牌的费用大于我方，对方抽1张牌。",/card-images/BP03-063.png
BP03-064,BP03-064,莉莉丝·谬影,BP03-誓焰破晓,U,3,暗,2,1,,角色牌,升格者 / 莉莉丝,【出】：所有玩家同时依次公开自己牌组顶1张牌，直至因此方法公开信号球牌。那之后，所有玩家洗切牌组，因此方法公开信号球牌的玩家抽2张牌，丢弃1张手牌。（若因此方法公开任一玩家牌组的所有牌，则效果处理中断，所有玩家洗切牌组）,/card-images/BP03-064.png
BP03-065,BP03-065,血色醍醐,BP03-誓焰破晓,U,3,暗,,,,战术牌 / 瞬时战术牌,莉莉丝,"【永】：该牌因我方<莉莉丝>的效果被公开时，直到该次处理结束为止，可以将该牌的费用视为2或4或6或8。（被公开时即需要选择视为其中1个数字）
【瞬时】：角色攻击时才能发动。选择我方墓地4张《莉莉丝·谬影》加入牌组并洗切。若如此做，选择我方或对方战场1张攻击中的角色，直到那次攻击结束为止，其DP+1或DP-1。",/card-images/BP03-065.png
BP03-066,BP03-066,繁宵蜃景之哀,BP03-誓焰破晓,U,1,暗,0.5,,,道具牌 / 装备牌,莉莉丝 / 月伞,"（使用后可在主要阶段放置在装备角色下方，每张角色只能装备1张装备）
【永】：该牌因我方<莉莉丝>的效果被公开时，直到该次处理结束为止，可以将该牌的费用视为1或3或5或7。（被公开时即需要选择视为其中1个数字）",/card-images/BP03-066.png
BP03-067,BP03-067,罗兰·戏炎,BP03-誓焰破晓,SR,5,火,9,2,,角色牌,升格者 / 罗兰,"【出】：可以公开我方手牌3张属性各不相同的<升格者>。若如此做，直到回合结束为止，该牌获得【速攻】。
【自】：该牌攻击时，可以丢弃手牌1张<升格者>角色并消除【2任意信号球icon】。若如此做，直到下个回合结束为止，该牌的基本PP变为与因此方法丢弃的角色相同的数值。",/card-images/BP03-067.png
BP03-068,BP03-068,罗兰·戏炎,BP03-誓焰破晓,U,5,火,6,2,,角色牌,升格者 / 罗兰,【出】：可以公开我方手牌2张不为火属性且属性不同的<升格者>。若如此做，抽1张牌。,/card-images/BP03-068.png
BP03-069,BP03-069,罗兰·戏炎,BP03-誓焰破晓,U,4,火,3,1,,角色牌,升格者 / 罗兰,【永】：若我方战场存在属性不同的<升格者>角色，该牌基本DP变为1。,/card-images/BP03-069.png
BP03-070,BP03-070,虚缪赝戏,BP03-誓焰破晓,R,3,火,,,,战术牌 / 普通战术牌,,选择我方战场1张《罗兰·戏炎》，可以丢弃手牌1张<升格者>角色。若如此做，直到回合结束为止，其基本PP和基本DP变为与因此方法丢弃的角色相同的数值。,/card-images/BP03-070.png
BP03-071,BP03-071,赛琳娜·岚音,BP03-誓焰破晓,U,6,雷,15,2,,角色牌,赛琳娜 / 艺术协会,"【出】:可以消除【2任意信号球icon】或【3任意信号球icon】。根据因此方法消除的牌持有的信号球标记，执行以下行动。
·1种及以上：直到下个回合结束为止，该牌PP+1000。
·2种及以上：直到回合结束为止，该牌获得【速攻】。
·3种：选择我方费用区最多2张<艺术协会>，将其竖直。",/card-images/BP03-071.png
BP03-072,BP03-072,赛琳娜·岚音,BP03-誓焰破晓,R,5,雷,3.5,2,,角色牌,赛琳娜 / 艺术协会,【出】：公开我方牌组顶4张牌，选择其中最多1张<艺术协会>战术牌加入手牌，将剩余的牌按任意顺序放置到牌组底。,/card-images/BP03-072.png
BP03-073,BP03-073,赛琳娜·岚音,BP03-誓焰破晓,U,4,雷,4,2,,角色牌,赛琳娜 / 艺术协会,"【永】:【充能0】。
【永】:我方每回合使用的第1张<艺术协会>战术牌的费用-1。",/card-images/BP03-073.png
BP03-074,BP03-074,风暴终曲,BP03-誓焰破晓,SR,2,雷,,,,战术牌 / 普通战术牌,艺术协会,"可以消除【任意信号球icon】或【2任意信号球icon】或【3任意信号球icon】。根据因此方法消除的牌持有的信号球标记，执行以下行动。
·1种：我方抽1张牌。
·2种：选择我方费用区最多2张<艺术协会>，将其竖直。
·3种：选择我方战场1张费用为5及以下的<赛琳娜>角色，将其竖直。",/card-images/BP03-074.png
BP03-075,BP03-075,露西亚·深红之渊,BP03-誓焰破晓,SR,9,物理,16,2,,角色牌,阿尔法 / 升格者,"【永】:【速攻】。
【永】:使用该牌时，可以将我方信号球区最少1张【蓝色信号球icon】放置到墓地，因此方法放置到墓地的【蓝色信号球icon】每有1张，该牌的费用-2。（仅在使用该牌时费用-2）",/card-images/BP03-075.png
BP03-076,BP03-076,露西亚·深红之渊,BP03-誓焰破晓,U,5,物理,6,2,,角色牌,阿尔法 / 升格者,【出】:选择我方墓地1张【蓝色信号球icon】，将其放置到我方信号球区最上方。,/card-images/BP03-076.png
BP03-077,BP03-077,露西亚·深红之渊,BP03-誓焰破晓,R,4,物理,4,1,,角色牌,阿尔法 / 升格者,【自】:该牌攻击时，若我方战场存在其他<阿尔法>角色，选择我方信号球区1张信号球，直到回合结束为止，其可以视为【蓝色信号球icon】。,/card-images/BP03-077.png
BP03-078,BP03-078,命定之战,BP03-誓焰破晓,U,3,物理,,,,战术牌 / 普通战术牌,,"从以下2项选择最多1项。若我方或对方战场存在《露西亚·鸦羽》，改为选择最多2项。
·公开我方牌组顶4张牌，选择其中最多1张<阿尔法>角色和最多1张【蓝色信号球icon】加入手牌，将剩余的牌按任意顺序放置到牌组底。
·选择我方战场1张<阿尔法>角色，直到回合结束为止，其获得【速攻icon】，PP+1000。",/card-images/BP03-078.png
BP03-079,BP03-079,库洛洛,BP03-誓焰破晓,U,4,物理,4,1,,角色牌,,"【永】：该牌不能攻击。
【出】:选择我方费用区最多1张暗费，该回合结束时，其不会因规则而放置到墓地。",/card-images/BP03-079.png
BP03-080,BP03-080,人型生物体：男&女,BP03-誓焰破晓,U,5,暗,8,1,,角色牌,,【永】:对方回合中，对方支付费用时，若可以支付暗费，则必须支付暗费。,/card-images/BP03-080.png
BP03-081,BP03-081,“镜”中的真实,BP03-誓焰破晓,C,1,无,,,红,战术牌 / 普通战术牌,信号球·红,"将该牌放置到我方信号球区最上方，抽1张牌。
【充能自】：从以下2项选择1项。
·选择我方战场最多1张角色，直到回合结束为止，其DP+1。
·选择我方战场最多1张角色，直到回合结束为止，其PP+2000。",/card-images/BP03-081.png
BP03-082,BP03-082,破晓之前,BP03-誓焰破晓,C,1,无,,,红,战术牌 / 普通战术牌,信号球·红,"将该牌放置到我方信号球区最上方，抽1张牌。
【充能自】：从以下2项选择1项。
·选择我方战场最多1张角色，直到回合结束为止，其DP+1。
·选择我方战场最多1张角色，直到回合结束为止，其PP+2000。",/card-images/BP03-082.png
BP03-083,BP03-083,憧憬之光,BP03-誓焰破晓,C,1,无,,,红,战术牌 / 普通战术牌,信号球·红,"将该牌放置到我方信号球区最上方，抽1张牌。
【充能自】：从以下2项选择1项。
·选择我方战场最多1张角色，直到回合结束为止，其DP+1。
·选择我方战场最多1张角色，直到回合结束为止，其PP+2000。",/card-images/BP03-083.png
BP03-084,BP03-084,我回来了,BP03-誓焰破晓,C,1,无,,,蓝,战术牌 / 普通战术牌,信号球·蓝,"将该牌放置到我方信号球区最上方，抽1张牌。
【充能自】：从以下2项选择1项。
·抽1张牌。
·选择我方战场最多1张角色，直到回合结束为止，其PP+2000。",/card-images/BP03-084.png
BP03-085,BP03-085,画中自我,BP03-誓焰破晓,C,1,无,,,蓝,战术牌 / 普通战术牌,信号球·蓝,"将该牌放置到我方信号球区最上方，抽1张牌。
【充能自】：从以下2项选择1项。
·抽1张牌。
·选择我方战场最多1张角色，直到回合结束为止，其PP+2000。",/card-images/BP03-085.png
BP03-086,BP03-086,缄默,BP03-誓焰破晓,C,1,无,,,蓝,战术牌 / 普通战术牌,信号球·蓝,"将该牌放置到我方信号球区最上方，抽1张牌。
【充能自】：从以下2项选择1项。
·抽1张牌。
·选择我方战场最多1张角色，直到回合结束为止，其PP+2000。",/card-images/BP03-086.png
BP03-087,BP03-087,黄金与人马,BP03-誓焰破晓,C,1,无,,,黄,战术牌 / 普通战术牌,信号球·黄,"将该牌放置到我方信号球区最上方，抽1张牌。
【充能自】：从以下2项选择1项。
·若我方侵蚀计数不小于对方，我方侵蚀计数-1。
·选择我方战场最多1张角色，直到回合结束为止，其PP+2000。",/card-images/BP03-087.png
BP03-088,BP03-088,分晓子午线,BP03-誓焰破晓,C,1,无,,,黄,战术牌 / 普通战术牌,信号球·黄,"将该牌放置到我方信号球区最上方，抽1张牌。
【充能自】：从以下2项选择1项。
·若我方侵蚀计数不小于对方，我方侵蚀计数-1。
·选择我方战场最多1张角色，直到回合结束为止，其PP+2000。",/card-images/BP03-088.png
BP03-089,BP03-089,盛放着鲜花的河流,BP03-誓焰破晓,C,1,无,,,黄,战术牌 / 普通战术牌,信号球·黄,"将该牌放置到我方信号球区最上方，抽1张牌。
【充能自】：从以下2项选择1项。
·若我方侵蚀计数不小于对方，我方侵蚀计数-1。
·选择我方战场最多1张角色，直到回合结束为止，其PP+2000。",/card-images/BP03-089.png
PR-001,PR-001,阿呆蛙主题乐园,PR-推广卡,PR,1,无,,,红,战术牌 / 普通战术牌,信号球·红,"将该牌放置到我方信号球区最上方，抽1张牌。
【充能自】：从以下2项选择1项。
·选择我方战场最多1张角色，直到回合结束为止，其DP+1。
·选择我方战场最多1张角色，直到回合结束为止，其PP+2000。",/card-images/PR-001.png
PR-002,PR-002,带上这只小丽芙,PR-推广卡,PR,1,无,,,黄,战术牌 / 普通战术牌,信号球·黄,"使用后将该牌放置到我方信号球区最上方，抽1张牌。
【充能自】：从以下2项选择1项。
·若我方侵蚀计数不小于对方，我方侵蚀计数-1。
·选择我方战场最多1张角色，直到回合结束为止，其PP+2000。",/card-images/PR-002.png
PR-003,PR-003,里的路线规划,PR-推广卡,PR,1,无,,,蓝,战术牌 / 普通战术牌,信号球·蓝,"使用后将该牌放置到我方信号球区最上方，抽1张牌。
【充能自】：从以下2项选择1项。
·抽1张牌。
·选择我方战场最多1张角色，直到回合结束为止，其PP+2000。",/card-images/PR-003.png
PR-004,PR-004,露西亚·鸦羽,PR-推广卡,PR,5,冰,9,2,,角色牌,灰鸦小队 / 露西亚,"【永】：若我方战场存在<里>角色和<丽芙>角色，该牌PP+1000。
【出】：将我方信号球区的牌按任意顺序排列。",/card-images/PR-004.png
PR-005,PR-005,露娜·银冕,PR-推广卡,PR,3,暗,3,2,,角色牌,升格者 / 露娜,"【永】：【充能0】
【出】：抽1张牌，丢弃1张手牌。",/card-images/PR-005.png
PR-006,PR-006,露西亚·深红之渊,PR-推广卡,PR,5,物理,4,2,,角色牌,阿尔法 / 升格者,【出】丢弃1张手牌：选择我方费用区1张明费，将其加入手牌。若如此做，将我方牌组顶1张牌以横置状态放置到费用区。,/card-images/PR-006.png
PR-007,PR-007,曲·雀翎,PR-推广卡,PR,6,物理,9,2,,角色牌,曲 / 九龙商会,【永】：若我方费用区的<万世铭>为2张及以上，该牌PP+1000。若为4张及以上，追加该牌DP+1。,/card-images/PR-007.png
PR-008,PR-008,七实·遥星之座,PR-推广卡,PR,4,火,4,2,,角色牌,七实 / 机械教会,【出】丢弃1张手牌：选择我方费用区1张明费，将其加入手牌。若如此做，将我方牌组顶1张牌以横置状态放置到费用区。,/card-images/PR-008.png
PR-009,PR-009,赛琳娜·希声,PR-推广卡,PR,5,物理,5,2,,角色牌,赛琳娜 / 艺术协会,【出】：选择我方墓地1张信号球，将其放置到我方信号球区最上方。,/card-images/PR-009.png
PR-010,PR-010,医疗兵,PR-推广卡,PR,3,物理,,,,战术牌 / 普通战术牌,,"【永】：该牌可以无视属性条件使用。
选择我方费用区1张明费，将其加入手牌。若如此做，将该牌以横置状态放置到费用区。",/card-images/PR-010.png
PR-011,PR-011,史密斯,PR-推广卡,PR,2,冰,,,,战术牌 / 瞬时战术牌,,"【永】：该牌的【瞬时】在主要阶段也可以发动。
【瞬时】：抽2张牌，丢弃1张手牌。选择我方战场1张<突击鹰小队>角色，直到回合结束为止，其PP+1000。",/card-images/PR-011.png
PR-013,PR-013,初见,PR-推广卡,PR,1,无,,,蓝,战术牌 / 普通战术牌,信号球·蓝,"使用后将该牌放置到我方信号球区最上方，抽1张牌。
【充能自】：从以下2项选择1项。
·抽1张牌。
·选择我方战场最多1张角色，直到回合结束为止，其PP+2000。",/card-images/PR-013.png
PR-014,PR-014,银晕辉光,PR-推广卡,PR,0,暗,,,,战术牌 / 瞬时战术牌,,"【永】：所有玩家每回合各能使用最多1张《银晕辉光》。
【瞬时】：我方战场1张《露娜·银冕》升变角色被攻击时才能发动。可以将那次攻击的对象变为我方玩家。",/card-images/PR-014.png
PR-015,PR-015,七实·遥星之座,PR-推广卡,PR,4,火,6,1,,角色牌,七实 / 机械教会,【永】：若该牌存在于《七实·遥星之座》下方，其获得“【自】：该牌离场时，可以消除【2任意信号球】。若如此做，选择我方墓地1张费用为3及以下的《七实·遥星之座》或《帕瓦》，将其出场。”,/card-images/PR-015.png
PR-016,PR-016,露西亚·深红囚影,PR-推广卡,PR,5,雷,7,2,,角色牌,阿尔法 / 升格者,"【永】：若该牌下方存在<封刃太刀>，该牌获得【速攻】。
【自】：该牌离场时，若该牌装备<封刃太刀>，可以消除【任意信号球】。若如此做，选择我方墓地1张<封刃太刀>，将其出场。",/card-images/PR-016.png
PR-017,PR-017,雪歌,PR-推广卡,PR,4,物理,,,,道具牌 / 辅助机牌,,【起】【回合1】【2任意信号球】：选择我方战场1张《赛琳娜·希声》，直到回合结束为止，其PP+1500。若我方费用区的<艺术协会>为3张及以上，追加直到回合结束为止，其获得【速攻】。,/card-images/PR-017.png
PR-018,PR-018,决意,PR-推广卡,PR,2,物理,,,,战术牌 / 瞬时战术牌,,"【瞬时】：可以将我方墓地2张《飞叶点翠》加入牌组并洗切。若如此做，从以下2项选择1项。
·选择我方战场1张攻击中的或被攻击的《含英·檀心》，直到那次攻击结束为止，其PP+2000。
·选择对方战场1张攻击中的角色，该角色的那次攻击在伤害步骤只能造成最多1点伤害。",/card-images/PR-018.png
PR-019,PR-019,徽羽,PR-推广卡,PR,2,冰,,,,道具牌 / 辅助机牌,,【起】横置该牌&丢弃1张手牌：公开我方牌组顶4张牌。选择其中最多1张<万世铭>和最多1张《曲·启明》加入手牌，将剩余的牌按任意顺序放置到牌组底。,/card-images/PR-019.png
PR-020,PR-020,杼菱,PR-推广卡,PR,3,空,,,,道具牌 / 辅助机牌,,"【起】横置该牌：若我方战场存在《伊什梅尔·幻日》，从以下2项选择1项。
·若该牌下方不存在卡牌，选择我方手牌或墓地1张不为空属性的升变角色，将其以正面表示放置到该牌下方。
·选择我方战场1张不为空属性的升变角色放置到墓地。若如此做，选择该牌下方1张费用不大于我方明费上限的升变角色，将其效果无效出场。",/card-images/PR-020.png
PR-021,PR-021,心象边境,PR-推广卡,PR,2,火,,,,战术牌 / 瞬时战术牌,,"【瞬时】：可以将我方1张《丽芙·极昼》从战场放置到墓地。若如此做，从以下2项选择1项。
·选择我方战场1张攻击中的或被攻击的《丽芙·极昼》，直到那次攻击结束为止，其PP+2000。
·选择对方战场1张攻击中的角色，该角色的那次攻击在伤害步骤只能造成最多1点伤害。",/card-images/PR-021.png
PR-022,PR-022,干杯,PR-推广卡,PR,1,无,,,蓝,战术牌 / 普通战术牌,信号球·蓝,"使用后将该牌放置到我方信号球区最上方，抽1张牌。
【充能自】：从以下2项选择1项。
·抽1张牌。
·选择我方战场最多1张角色，直到回合结束为止，其PP+2000。",/card-images/PR-022.png
PR-023,PR-023,瘟疫骑士,PR-推广卡,PR,4,冰,4,1,,角色牌,万事 / 神寂启示录,"【起】丢弃手牌中的该牌：选择对方战场1张费用为3及以下的角色，可以丢弃手牌1张<万事>或<神寂启示录>。若如此做，将其冰冻。
【起】【3费】：若该牌存在于墓地，可以将我方墓地1张<神寂启示录>角色放置到牌组底。若如此做，将该牌从墓地出场。",/card-images/PR-023.png
PR-024,PR-024,海妲魔女,PR-推广卡,PR,5,暗,6,2,,角色牌,拉弥亚 / 神寂启示录,【起】丢弃手牌中的该牌：《海妲魔女》的该【起】能力每回合最多发动1次。公开我方牌组顶4张牌，选择其中最多1张<拉弥亚>角色或<神寂启示录>角色或《潮涌球》放置到墓地，将剩余的牌按任意顺序放置到牌组底。,/card-images/PR-024.png
PR-025,PR-025,混沌门使,PR-推广卡,PR,3,雷,2,1,,角色牌,21号 / 神寂启示录,【起】丢弃手牌中的该牌：选择我方战场1张费用为2的角色或<神寂启示录>角色，可以丢弃手牌1张<21号>或<神寂启示录>。若如此做，直到回合结束为止，其PP+2000。,/card-images/PR-025.png
PR-026,PR-026,刻耳柏洛斯,PR-推广卡,PR,5,雷,5,2,,角色牌,诺克提 / 神寂启示录,【出】：可以将我方墓地1张<神寂启示录>角色放置到牌组底。若如此做，选择我方墓地1张费用为2的<神寂启示录>角色，将其出场。,/card-images/PR-026.png
PR-027,PR-027,乌列尔,PR-推广卡,PR,4,冰,4,2,,角色牌,神寂启示录,"【永】：【充能0】。
【出】：可以将我方墓地1张<神寂启示录>角色放置到牌组底。若如此做，抽1张牌。",/card-images/PR-027.png
PR-028,PR-028,熠空,PR-推广卡,PR,3,火,,,,道具牌 / 辅助机牌,,"【起】横置该牌：从以下2项选择1项。
·若我方处理区存在浮空模式的《露西亚·誓焰》，抽1张牌。
·选择我方处理区1张浮空模式的《露西亚·誓焰》，将其加入手牌。",/card-images/PR-028.png
PR-029,PR-029,丽芙·极昼,PR-推广卡,PR,5,火,7,1,,角色牌,丽芙 / 灰鸦小队·高级,【出】：若我方牌组为10张及以下，将我方墓地所有信号球牌以外的牌加入牌组并洗切。,/card-images/PR-029.png
PR-030,PR-030,里·超刻,PR-推广卡,PR,3,火,2,0,,角色牌,里 / 灰鸦小队·高级,【充能自】：若为《里·超刻》的攻击充能，可以将该牌从处理区放置到墓地并消除【蓝色信号球icon】。若如此做，选择我方手牌1张费用为3及以下的《里·超刻》，将其出场。,/card-images/PR-030.png
PR-031,PR-031,七实·芒星之迹,PR-推广卡,PR,3,雷,3,2,,角色牌,七实 / 机械教会,【永】：若我方信号球区的牌为7张以下，只要我方不将手牌1张雷属性的牌以背面表示放置到信号球区最下方，则该牌不能攻击。,/card-images/PR-031.png
PR-032,PR-032,倚靠,PR-推广卡,PR,1,物理,,,,战术牌 / 瞬时战术牌,,【瞬时】：该牌只能在自由时点步骤发动。可以将我方战场1张《罗塞塔·凛冽》返回手牌。若如此做，选择我方战场1张《罗塞塔·凛冽》，直到那次攻击结束为止，其PP+1500。,/card-images/PR-032.png
PR-033,PR-033,绚烂即兴秀,PR-推广卡,PR,10,冰,,,,战术牌 / 普通战术牌,,若我方费用区的《艾拉·万华》为5张及以上，选择我方费用区最多2张卡牌编号不同的冰属性角色，将其出场。下个对方回合结束时，将其从战场放置到牌组底。,/card-images/PR-033.png
PR-034,PR-034,另一人,PR-推广卡,PR,1,雷,,,,战术牌 / 瞬时战术牌,艺术协会,"该牌只能在我方战场存在<艺术协会>时才能使用。
【瞬时】：从以下2项选择1项。
·抽1张牌。
·若该回合中我方已受到的伤害为3及以上，选择对方战场1张攻击中的角色，直到那次攻击结束为止，其不能造成伤害。",/card-images/PR-034.png
PR-035,PR-035,升格,PR-推广卡,PR,3,暗,,,,战术牌 / 瞬时战术牌,,"该牌只能在我方战场存在<升格者>角色时才能使用。
【瞬时】：选择我方或对方战场1张不为<升格者>的角色，直到下个回合结束为止，其失去原本的卡牌特征，获得<升格者>。",/card-images/PR-035.png
ST01-001,ST01-001,露西亚·红莲,ST01-灰鸦小队预组,R,6,物理,9,2,,角色牌 / 升变角色牌,灰鸦小队 / 露西亚,"升变条件 费用5以下的<露西亚>&「费用上限5及以上」
升变代价【2费】将手牌的该牌重叠在对象上方出场，获得【速攻】
【出】丢弃1张手牌：公开我方牌组顶5张牌，选择其中1张费用为3及以下的<灰鸦小队>角色出场，将剩余的牌按任意顺序放置到牌组底。
【起】消除【2蓝色信号球】：选择我方战场1张角色返回手牌。若如此做，选择我方手牌1张费用为4及以下的<灰鸦小队>角色出场。",/card-images/ST01-001.png
ST01-002,ST01-002,里·异火,ST01-灰鸦小队预组,R,5,物理,5,2,,角色牌,灰鸦小队 / 里,【出】：可以将我方牌组顶3张牌放置到墓地。若其中有信号球，选择我方战场1张<灰鸦小队>角色，直到回合结束为止，其获得【充能+1】。,/card-images/ST01-002.png
ST01-003,ST01-003,丽芙·蚀暗,ST01-灰鸦小队预组,R,5,物理,6,0,,角色牌,灰鸦小队 / 丽芙,【出】：选择我方墓地1张信号球，将其放置到我方信号球区最上方。,/card-images/ST01-003.png
ST01-004,ST01-004,露西亚·红莲,ST01-灰鸦小队预组,ST,3,物理,3,2,,角色牌,灰鸦小队 / 露西亚,【永】：【充能0】。,/card-images/ST01-004.png
ST01-005,ST01-005,露西亚·红莲,ST01-灰鸦小队预组,ST,4,物理,4,1,,角色牌,灰鸦小队 / 露西亚,【出】：抽1张牌，丢弃1张手牌。,/card-images/ST01-005.png
ST01-006,ST01-006,露西亚·红莲,ST01-灰鸦小队预组,ST,7,物理,9,2,,角色牌,灰鸦小队 / 露西亚,,/card-images/ST01-006.png
ST01-007,ST01-007,里·异火,ST01-灰鸦小队预组,ST,4,物理,4,2,,角色牌,灰鸦小队 / 里,【永】：【充能0】。,/card-images/ST01-007.png
ST01-008,ST01-008,丽芙·蚀暗,ST01-灰鸦小队预组,ST,3,物理,4,1,,角色牌,灰鸦小队 / 丽芙,,/card-images/ST01-008.png
ST01-009,ST01-009,阿呆蛙与铃铛羊,ST01-灰鸦小队预组,ST,3,物理,,,,战术牌 / 普通战术牌,灰鸦小队,抽1张牌。选择我方战场1张<灰鸦小队>角色，直到回合结束为止，其PP+2000。,/card-images/ST01-009.png
ST01-010,ST01-010,灰鸦小队，集合！,ST01-灰鸦小队预组,ST,1,物理,,,,战术牌 / 普通战术牌,灰鸦小队,公开我方牌组顶5张牌，选择其中1张<灰鸦小队>角色加入手牌，将剩余的牌按任意顺序放置到牌组底。,/card-images/ST01-010.png
ST01-011,ST01-011,重逢,ST01-灰鸦小队预组,ST,5,物理,,,,战术牌 / 普通战术牌,,"该牌只能在我方战场存在<露西亚>角色时才能使用。
选择对方战场1张PP为8000及以下的角色，将其破坏。",/card-images/ST01-011.png
ST01-012,ST01-012,红莲-起手式,ST01-灰鸦小队预组,ST,1,无,,,红,战术牌 / 普通战术牌,信号球·红,"使用后将该牌放置到我方信号球区最上方，抽1张牌。
【充能自】：从以下2项选择1项。
·选择我方战场最多1张角色，直到回合结束为止，其DP+1。
·选择我方战场最多1张角色，直到回合结束为止，其PP+2000。",/card-images/ST01-012.png
ST01-013,ST01-013,红莲-波动斩,ST01-灰鸦小队预组,ST,1,无,,,蓝,战术牌 / 普通战术牌,信号球·蓝,"使用后将该牌放置到我方信号球区最上方，抽1张牌。
【充能自】：从以下2项选择1项。
·抽1张牌。
·选择我方战场最多1张角色，直到回合结束为止，其PP+2000。",/card-images/ST01-013.png
ST01-014,ST01-014,红莲-闪击,ST01-灰鸦小队预组,ST,1,无,,,黄,战术牌 / 普通战术牌,信号球·黄,"使用后将该牌放置到我方信号球区最上方，抽1张牌。
【充能自】：从以下2项选择1项。
·若我方侵蚀计数不小于对方，我方侵蚀计数-1。
·选择我方战场最多1张角色，直到回合结束为止，其PP+2000。",/card-images/ST01-014.png
ST02-001,ST02-001,露娜·银冕,ST02-升格者小队预组,R,7,暗,9,2,,角色牌 / 升变角色牌,升格者 / 露娜,"升变条件 费用6以下的《露娜·银冕》&「费用上限6及以上」
升变代价【3费】将手牌的该牌重叠在对象上方出场，获得【速攻】
【永】：若我方侵蚀计数为5及以上，我方战场所有<升格者>角色PP+1000。
【起】 【回合1】 消除【2蓝色信号球】：选择我方墓地1张费用为4及以下的<升格者>角色，将其出场。",/card-images/ST02-001.png
ST02-002,ST02-002,露娜·银冕,ST02-升格者小队预组,ST,7,暗,11,2,,角色牌,升格者 / 露娜,,/card-images/ST02-002.png
ST02-003,ST02-003,露娜·银冕,ST02-升格者小队预组,ST,5,暗,6,2,,角色牌,升格者 / 露娜,【出】丢弃1张手牌：公开我方牌组顶3张牌，选择其中1张<升格者>角色加入手牌，将剩余的牌放置到墓地。,/card-images/ST02-003.png
ST02-004,ST02-004,露娜·银冕,ST02-升格者小队预组,ST,3,暗,2,2,,角色牌,升格者 / 露娜,"【永】：【充能0】。
【永】：若我方墓地的牌为10张及以上，该牌PP+1500。",/card-images/ST02-004.png
ST02-005,ST02-005,露娜·银冕,ST02-升格者小队预组,ST,3,暗,4,1,,角色牌,升格者 / 露娜,,/card-images/ST02-005.png
ST02-006,ST02-006,露娜·银冕,ST02-升格者小队预组,ST,5,物理,7,2,,角色牌,升格者 / 露娜,"【永】：若我方的侵蚀计数为4及以上，该牌PP+1000。
【出】：将我方信号球区的牌按任意顺序排列。",/card-images/ST02-006.png
ST02-007,ST02-007,不明构造体α,ST02-升格者小队预组,ST,4,物理,4,1,,角色牌,阿尔法 / 升格者,【出】 丢弃1张手牌：选择我方墓地1张<升格者>角色，将其加入手牌。,/card-images/ST02-007.png
ST02-008,ST02-008,苦刑之女,ST02-升格者小队预组,ST,5,物理,6,2,,角色牌,帕弥什,"【永】：若我方战场存在<升格者>角色，该牌PP+1000。
【起】【回合1】消除【任意信号球】：可以将我方侵蚀计数+1。若如此做，直到回合结束为止，该牌DP+1。",/card-images/ST02-008.png
ST02-009,ST02-009,奥兹玛,ST02-升格者小队预组,ST,4,暗,0.5,,,道具牌 / 装备牌,增幅器,"（使用后可在主要阶段放置在装备角色下方，每张角色只能装备1张装备）
【永】：若装备角色为《露娜·银冕》，则其获得“【自】：该牌攻击时，可以消除2同色信号球。若如此做，选择对方战场1张角色，直到回合结束为止，其PP-4000。”",/card-images/ST02-009.png
ST02-010,ST02-010,刹那制裁,ST02-升格者小队预组,R,4,暗,,,,战术牌 / 普通战术牌,,"该牌只能在我方战场存在《露娜·银冕》时才能使用。
选择对方战场1张角色，直到回合结束为止，我方侵蚀计数每有1，其PP-2000。（PP为0及以下的角色会因规则而破坏）",/card-images/ST02-010.png
ST02-011,ST02-011,筛选开始,ST02-升格者小队预组,R,3,暗,,,,战术牌 / 瞬时战术牌,,"该牌只能在我方战场存在《露娜·银冕》时才能使用。
【瞬时】：我方玩家被攻击时才能发动。选择我方墓地1张费用为3及以下的<升格者>角色，将其出场。若我方侵蚀计数为4及以下，则其获得“【自】：该回合结束时，将该牌放置到墓地。”",/card-images/ST02-011.png
ST02-012,ST02-012,涡旋极星,ST02-升格者小队预组,ST,1,无,,,红,战术牌 / 普通战术牌,信号球·红,"使用后将该牌放置到我方信号球区最上方，抽1张牌。
【充能自】：从以下2项选择1项。
·选择我方战场最多1张角色，直到回合结束为止，其DP+1。
·选择我方战场最多1张角色，直到回合结束为止，其PP+2000。",/card-images/ST02-012.png
ST02-013,ST02-013,南十字星,ST02-升格者小队预组,ST,1,无,,,蓝,战术牌 / 普通战术牌,信号球·蓝,"使用后将该牌放置到我方信号球区最上方，抽1张牌。
【充能自】：从以下2项选择1项。
·抽1张牌。
·选择我方战场最多1张角色，直到回合结束为止，其PP+2000。",/card-images/ST02-013.png
ST02-014,ST02-014,苦难咫尺,ST02-升格者小队预组,ST,1,无,,,黄,战术牌 / 普通战术牌,信号球·黄,"使用后将该牌放置到我方信号球区最上方，抽1张牌。
【充能自】：从以下2项选择1项。
·若我方侵蚀计数不小于对方，我方侵蚀计数-1。
·选择我方战场最多1张角色，直到回合结束为止，其PP+2000。",/card-images/ST02-014.png
ST03-001,ST03-001,薇拉·瑰丽,ST03-三头犬小队预组,R,8,暗,7,2,,角色牌 / 升变角色牌,三头犬小队 / 薇拉,"升变条件 费用8以下的<薇拉>&「费用上限8及以上」
升变代价【3费】将手牌的该牌重叠在对象上方出场，获得【速攻】
【出】消除2同色信号球：选择我方战场1张<三头犬小队>角色，将其竖直。直到回合结束为止，我方战场所有<三头犬小队>角色PP+2000。",/card-images/ST03-001.png
ST03-002,ST03-002,薇拉·瑰丽,ST03-三头犬小队预组,R,6,暗,6,2,,角色牌,三头犬小队 / 薇拉,"【永】：对方回合中，我方战场所有横置状态的<三头犬小队>角色PP+1000。
【起】 横置该牌：直到回合结束为止，我方使用的下1张<三头犬小队>角色的费用-2（不包含升变费用）。",/card-images/ST03-002.png
ST03-003,ST03-003,薇拉·瑰丽,ST03-三头犬小队预组,ST,5,暗,6,2,,角色牌,三头犬小队 / 薇拉,【出】消除【任意信号球】或丢弃1张手牌：公开我方牌组顶5张牌。选择其中最多1张<21号>和最多1张<诺克提>加入手牌，将剩余的牌放置到墓地。,/card-images/ST03-003.png
ST03-004,ST03-004,薇拉·瑰丽,ST03-三头犬小队预组,ST,3,物理,2.5,1,,角色牌,三头犬小队 / 薇拉,【永】：对方回合中，横置状态的该牌PP+1000。,/card-images/ST03-004.png
ST03-005,ST03-005,薇拉·瑰丽,ST03-三头犬小队预组,ST,3,物理,4,2,,角色牌,三头犬小队 / 薇拉,【永】：【充能0】。,/card-images/ST03-005.png
ST03-006,ST03-006,21号·XXI,ST03-三头犬小队预组,ST,2,暗,2,0,,角色牌,21号 / 三头犬小队,【出】丢弃1张手牌：若我方战场的<三头犬小队>角色为3张及以上，选择我方墓地1张信号球，将其放置到我方信号球区最上方。,/card-images/ST03-006.png
ST03-007,ST03-007,21号·XXI,ST03-三头犬小队预组,ST,3,暗,6,2,,角色牌,21号 / 三头犬小队,【永】：【充能0】。,/card-images/ST03-007.png
ST03-008,ST03-008,21号·XXI,ST03-三头犬小队预组,R,4,暗,2.5,1,,角色牌,21号 / 三头犬小队,【起】横置该牌：直到回合结束为止，我方使用的下1张<薇拉>角色的费用-1。,/card-images/ST03-008.png
ST03-009,ST03-009,可靠的伙伴 21号&诺克提,ST03-三头犬小队预组,ST,6,物理,8,2,,角色牌,21号 / 诺克提 / 三头犬小队,【自】 ：我方1张《薇拉·瑰丽》出场时，可以消除【2红色信号球】。若如此做，将该牌竖直。直到回合结束为止，该牌PP+2000，DP-1。,/card-images/ST03-009.png
ST03-010,ST03-010,暗域力场,ST03-三头犬小队预组,ST,4,暗,,,,战术牌 / 普通战术牌,,抽2张牌。直到下个回合结束为止，我方战场所有横置状态的<三头犬小队>角色PP+1000。,/card-images/ST03-010.png
ST03-011,ST03-011,三头犬出击,ST03-三头犬小队预组,ST,8,物理,,,,战术牌 / 普通战术牌,三头犬小队,"【永】：我方战场每有1张<三头犬小队>角色，手牌的该牌的费用-1。
选择对方战场1张角色，将其破坏。",/card-images/ST03-011.png
ST03-012,ST03-012,猩红连斩,ST03-三头犬小队预组,ST,1,无,,,红,战术牌 / 普通战术牌,信号球·红,"使用后将该牌放置到我方信号球区最上方，抽1张牌。
【充能自】：从以下2项选择1项。
·选择我方战场最多1张角色，直到回合结束为止，其DP+1。
·选择我方战场最多1张角色，直到回合结束为止，其PP+2000。",/card-images/ST03-012.png
ST03-013,ST03-013,侵蚀烙印,ST03-三头犬小队预组,ST,1,无,,,蓝,战术牌 / 普通战术牌,信号球·蓝,"使用后将该牌放置到我方信号球区最上方，抽1张牌。
【充能自】：从以下2项选择1项。
·抽1张牌。
·选择我方战场最多1张角色，直到回合结束为止，其PP+2000。",/card-images/ST03-013.png
ST03-014,ST03-014,赤影突击,ST03-三头犬小队预组,ST,1,无,,,黄,战术牌 / 普通战术牌,信号球·黄,"使用后将该牌放置到我方信号球区最上方，抽1张牌。
【充能自】：从以下2项选择1项。
·若我方侵蚀计数不小于对方，我方侵蚀计数-1。
·选择我方战场最多1张角色，直到回合结束为止，其PP+2000。",/card-images/ST03-014.png
ST04-001,ST04-001,荣光护盾,ST04-突击鹰小队预组,R,3,冰,,,,战术牌 / 瞬时战术牌,突击鹰小队,"该牌只能在对方回合使用。
【瞬时】：选择我方战场1张<突击鹰小队>角色，将其竖直。直到回合结束为止，其PP+1000，获得“【自】【回合1】：该牌阻挡的攻击结束时，可以消除【2任意信号球】。若如此做，将攻击角色破坏”。",/card-images/ST04-001.png
ST04-002,ST04-002,库洛姆·荣光,ST04-突击鹰小队预组,ST,8,冰,9,1,,角色牌,,"【出】：选择我方墓地１张《荣光护盾》，将其加入手牌。
【自】【回合1】：该牌阻挡的攻击结束时，可以消除2同色信号球。若如此做，将攻击角色破坏。",/card-images/ST04-002.png
ST04-003,ST04-003,库洛姆·荣光,ST04-突击鹰小队预组,R,8,冰,7,2,,角色牌 / 升变角色牌,库洛姆 / 突击鹰小队,"升变条件 费用8以下的<库洛姆>&「费用上限8及以上」
升变代价【3费】将手牌的该牌重叠在对象上方出场，获得【速攻】
【出】：公开我方牌组顶7张牌，选择其中最多1张《荣光护盾》加入手牌，将剩余的牌加入牌组并洗切。
【自】：我方回合结束时，将该牌从战场放置到牌组底，选择我方墓地1张费用为8及以下的<突击鹰小队>角色，将其出场。",/card-images/ST04-003.png
ST04-004,ST04-004,库洛姆·荣光,ST04-突击鹰小队预组,ST,4,冰,4,2,,角色牌,,【出】：选择我方战场其他1张<突击鹰小队>角色，直到下个回合结束为止，其PP+1000。,/card-images/ST04-004.png
ST04-005,ST04-005,库洛姆·荣光,ST04-突击鹰小队预组,ST,4,冰,6,2,,角色牌,,【永】：【充能0】。,/card-images/ST04-005.png
ST04-006,ST04-006,库洛姆·荣光,ST04-突击鹰小队预组,ST,4,冰,6,1,,角色牌,,,/card-images/ST04-006.png
ST04-007,ST04-007,神威·重能,ST04-突击鹰小队预组,ST,3,物理,2,1,,角色牌,,【起】横置该牌：公开我方牌组顶5张牌，选择1张<突击鹰小队>加入手牌，将剩余的牌按任意顺序放置到牌组底。那之后，丢弃1张手牌。,/card-images/ST04-007.png
ST04-008,ST04-008,卡穆·狂犬,ST04-突击鹰小队预组,ST,2,暗,3,0,,角色牌,,【永】：若我方战场存在<突击鹰小队>角色，该牌可以无视属性条件使用。,/card-images/ST04-008.png
ST04-009,ST04-009,万事·明觉,ST04-突击鹰小队预组,ST,6,冰,5,2,,角色牌,,【自】：我方回合结束时，若我方战场存在<库洛姆>角色，则选择我方费用区最多2张牌，将其竖直。,/card-images/ST04-009.png
ST04-010,ST04-010,阿波罗,ST04-突击鹰小队预组,ST,3,冰,0.5,,,道具牌 / 装备牌,铳刃,"（使用后可在主要阶段放置在装备角色下方，每张角色只能装备1张装备）
【自】【回合1】：我方战场1张<突击鹰小队>角色阻挡时，抽1张牌。",/card-images/ST04-010.png
ST04-011,ST04-011,先锋者,ST04-突击鹰小队预组,R,3,冰,,,,战术牌 / 普通战术牌,,"该牌只能在我方战场存在<库洛姆>角色时才能使用。
选择对方战场1张费用为4及以下的角色，将其横置。",/card-images/ST04-011.png
ST04-012,ST04-012,逆源极光,ST04-突击鹰小队预组,ST,1,无,,,红,战术牌 / 普通战术牌,信号球·红,"使用后将该牌放置到我方信号球区最上方，抽1张牌。
【充能自】：从以下2项选择1项。
·选择我方战场最多1张角色，直到回合结束为止，其DP+1。
·选择我方战场最多1张角色，直到回合结束为止，其PP+2000。",/card-images/ST04-012.png
ST04-013,ST04-013,暴冰亟斩,ST04-突击鹰小队预组,ST,1,无,,,蓝,战术牌 / 普通战术牌,信号球·蓝,"使用后将该牌放置到我方信号球区最上方，抽1张牌。
【充能自】：从以下2项选择1项。
·抽1张牌。
·选择我方战场最多1张角色，直到回合结束为止，其PP+2000。",/card-images/ST04-013.png
ST04-014,ST04-014,冰澈引流,ST04-突击鹰小队预组,ST,1,无,,,黄,战术牌 / 普通战术牌,信号球·黄,"使用后将该牌放置到我方信号球区最上方，抽1张牌。
【充能自】：从以下2项选择1项。
·若我方侵蚀计数不小于对方，我方侵蚀计数-1。
·选择我方战场最多1张角色，直到回合结束为止，其PP+2000。",/card-images/ST04-014.png
ST05-001,ST05-001,比安卡·晖暮,ST05-比安卡·晖暮预组,R,7,暗,5.5,2,,角色牌,比安卡 / 清理部队,"晖【自】：该牌攻击时，选择对方战场1张角色，可以消除【2任意信号球】。若如此做，直到回合结束为止，其PP-4000。（晖形态能力在我方信号球区最下方的牌的费用为奇数时有效）
暮【出】：直到回合结束为止，该牌可以攻击对方玩家。（暮形态能力在我方信号球区最下方的牌的费用为偶数时有效）",/card-images/ST05-001.png
ST05-002,ST05-002,比安卡·晖暮,ST05-比安卡·晖暮预组,R,6,暗,5,2,,角色牌,比安卡 / 清理部队,"晖【出】：选择我方墓地1张费用为4及以下的《比安卡·晖暮》，将其以横置状态出场。（晖形态能力在我方信号球区最下方的牌的费用为奇数时有效）
暮【出】：抽1张牌。（暮形态能力在我方信号球区最下方的牌的费用为偶数时有效）",/card-images/ST05-002.png
ST05-003,ST05-003,比安卡·晖暮,ST05-比安卡·晖暮预组,R,6,暗,8,2,,角色牌,比安卡 / 清理部队,"晖【永】：【速攻】。（晖形态能力在我方信号球区最下方的牌的费用为奇数时有效）
暮【永】：该牌PP+500。（暮形态能力在我方信号球区最下方的牌的费用为偶数时有效）",/card-images/ST05-003.png
ST05-004,ST05-004,比安卡·晖暮,ST05-比安卡·晖暮预组,ST,4,暗,6,2,,角色牌,比安卡 / 清理部队,【自】：该牌攻击时，可以公开我方牌组顶4张牌。若如此做，选择其中最多1张《比安卡·晖暮》放置到我方信号球区最下方，将剩余的牌按任意顺序放置到牌组底。该回合结束时，将因此方法放置到信号球区最下方的牌放置到墓地。,/card-images/ST05-004.png
ST05-005,ST05-005,比安卡·晖暮,ST05-比安卡·晖暮预组,ST,3,暗,4,1,,角色牌,比安卡 / 清理部队,【出】：可以将我方手牌1张暗属性的牌放置到我方信号球区最下方。若如此做，抽1张牌。该回合结束时，将因此方法放置到信号球区最下方的牌放置到墓地。,/card-images/ST05-005.png
ST05-006,ST05-006,比安卡·晖暮,ST05-比安卡·晖暮预组,ST,4,暗,6,2,,角色牌,比安卡 / 清理部队,【永】：【充能0】。,/card-images/ST05-006.png
ST05-007,ST05-007,比安卡·晖暮,ST05-比安卡·晖暮预组,ST,3,暗,2.5,1,,角色牌,比安卡 / 清理部队,【起】横置该牌&丢弃1张手牌：选择我方墓地1张《比安卡·晖暮》，将其放置到我方信号球区最下方。该回合结束时，将因此方法放置到信号球区最下方的牌放置到墓地。,/card-images/ST05-007.png
ST05-008,ST05-008,奥罗拉,ST05-比安卡·晖暮预组,ST,3,暗,12,,,道具牌 / 装备牌,蛇腹剑,"（使用后可在主要阶段放置在装备角色下方，每张角色只能装备1张装备）
【自】【回合1】：装备该牌的《比安卡·晖暮》攻击时，可以将我方手牌1张暗属性的牌放置到我方信号球区最下方。若如此做，抽1张牌。该回合结束时，将因此方法放置到信号球区最下方的牌放置到墓地。",/card-images/ST05-008.png
ST05-009,ST05-009,终末祷词,ST05-比安卡·晖暮预组,ST,6,暗,,,,战术牌 / 普通战术牌,,"该牌只能在我方费用区的《比安卡·晖暮》为3张及以上时才能使用。
选择对方战场1张角色，直到回合结束为止，其PP-6000。
晖 手牌的该牌的费用-3。（晖形态能力在我方信号球区最下方的牌的费用为奇数时有效）
暮 追加选择对方战场1张角色，直到回合结束为止，其PP-3000。（暮形态能力在我方信号球区最下方的牌的费用为偶数时有效）",/card-images/ST05-009.png
ST05-010,ST05-010,晦明戒律,ST05-比安卡·晖暮预组,ST,1,暗,,,,战术牌 / 瞬时战术牌,,"【瞬时】：从以下2项选择1项。若我方信号球区最下方的牌的费用为奇数，改为选择最多2项。
·抽1张牌。
·选择我方战场1张《比安卡·晖暮》，直到回合结束为止，其PP+1000。",/card-images/ST05-010.png
ST05-011,ST05-011,裁暮,ST05-比安卡·晖暮预组,ST,1,无,,,红,战术牌 / 普通战术牌,信号球·红,"使用后将该牌放置到我方信号球区最上方，抽1张牌。
【充能自】：从以下2项选择1项。
·选择我方战场最多1张角色，直到回合结束为止，其DP+1。
·选择我方战场最多1张角色，直到回合结束为止，其PP+2000。。",/card-images/ST05-011.png
ST05-012,ST05-012,断海,ST05-比安卡·晖暮预组,ST,1,无,,,蓝,战术牌 / 普通战术牌,信号球·蓝,"使用后将该牌放置到我方信号球区最上方，抽1张牌。
【充能自】：从以下2项选择1项。
·抽1张牌。
·选择我方战场最多1张角色，直到回合结束为止，其PP+2000。",/card-images/ST05-012.png
ST05-013,ST05-013,刑晖,ST05-比安卡·晖暮预组,ST,1,无,,,黄,战术牌 / 普通战术牌,信号球·黄,"使用后将该牌放置到我方信号球区最上方，抽1张牌。
【充能自】：从以下2项选择1项。
·若我方侵蚀计数不小于对方，我方侵蚀计数-1。
·选择我方战场最多1张角色，直到回合结束为止，其PP+2000。",/card-images/ST05-013.png
ST06-001,ST06-001,坠落与新生 亚里莎·回音,ST06-亚里莎·回音预组,R,6,物理,7,2,,角色牌 / 协战,亚里莎,"【协战搭档】<塞西莉>
【协战代价】手牌【2费】/战场【0费】
【永】：我方回合中，该牌选择手牌的《坠落与新生 塞西莉》作为协战搭档时，协战代价可以变为【2任意信号球】。
【出】：若我方战场存在协战状态的角色，直到回合结束为止，该牌获得【速攻】。",/card-images/ST06-001.png
ST06-002,ST06-002,坠落与新生 塞西莉,ST06-亚里莎·回音预组,R,6,物理,6,2,,角色牌,塞西莉,"【协战永】：该牌从手牌成为《坠落与新生 亚里莎·回音》的协战搭档的回合中，该牌不会解除协战状态。
【协战自】：该牌成为<亚里莎>角色的协战搭档时，可以消除【任意信号球】。根据因此方法消除的信号球牌，执行以下行动。
·<信号球·红> 若为我方回合且对方战场的角色为3张及以上，选择对方战场1张费用为3及以下的角色，将其返回手牌。
·<信号球·蓝> 选择我方费用区最多2张<亚里莎>或<塞西莉>，将其竖直。",/card-images/ST06-002.png
ST06-003,ST06-003,亚里莎·回音,ST06-亚里莎·回音预组,R,4,物理,4,1,,角色牌 / 协战,亚里莎,"【协战搭档】费用4及以下的<塞西莉>
【协战代价】手牌【2费】/战场【0费】
【永】：若我方明费上限不大于对方，战场的该牌的基本DP变为1。",/card-images/ST06-003.png
ST06-004,ST06-004,昼翼,ST06-亚里莎·回音预组,ST,9,物理,6,2,,角色牌,,"【永】：我方战场协战状态的<亚里莎>角色每有1张，手牌的该牌的费用-3。（费用最低为0）
【出】：选择我方墓地1张信号球，将其放置到我方信号球区最上方。",/card-images/ST06-004.png
ST06-005,ST06-005,亚里莎·回音,ST06-亚里莎·回音预组,ST,6,物理,6,2,,角色牌,亚里莎,【出】丢弃1张手牌：公开我方牌组顶5张牌，选择其中1张费用为4及以下的<亚里莎>角色或<塞西莉>角色出场，将剩余的牌加入牌组并洗切。,/card-images/ST06-005.png
ST06-006,ST06-006,塞西莉,ST06-亚里莎·回音预组,ST,4,物理,4,1,,角色牌,塞西莉,【协战永】：我方回合中，将该牌作为协战搭档的<亚里莎>角色获得【充能+1】，PP+1500。,/card-images/ST06-006.png
ST06-007,ST06-007,亚里莎·回音,ST06-亚里莎·回音预组,ST,4,物理,4,2,,角色牌,亚里莎,"【永】：【充能0】。
【永】：若我方战场存在协战状态的角色，该牌PP+1500。",/card-images/ST06-007.png
ST06-008,ST06-008,塞西莉,ST06-亚里莎·回音预组,ST,4,物理,4,1,,角色牌,塞西莉,"【永】：【充能0】。
【协战自】：《塞西莉》的该能力每回合最多发动1次。该牌成为<亚里莎>角色的协战搭档时，选择我方战场最多1张<亚里莎>角色或<塞西莉>角色，直到回合结束为止，其获得【速攻】。",/card-images/ST06-008.png
ST06-009,ST06-009,塞西莉,ST06-亚里莎·回音预组,ST,3,物理,2,1,,角色牌,塞西莉,【协战自】：对方回合中，该牌成为<亚里莎>角色的协战搭档时，可以消除【任意信号球】。若如此做，将那张<亚里莎>角色竖直。,/card-images/ST06-009.png
ST06-010,ST06-010,阿斯特莉亚,ST06-亚里莎·回音预组,ST,3,物理,1,,,装备牌,弓,"（使用后可在主要阶段放置在装备角色下方，每张角色只能装备1张装备）
【永】：装备该牌的《亚里莎·回音》获得“【永】：该牌可以支付【2费】作为协战代价从墓地选择协战搭档。”",/card-images/ST06-010.png
ST06-011,ST06-011,裁定合击,ST06-亚里莎·回音预组,ST,5,无,,,,战术牌 / 普通战术牌,,"该牌只能在我方战场存在<亚里莎>角色或<塞西莉>角色时才能使用。
选择对方战场1张费用为7及以下的角色，将其返回手牌。若我方战场存在协战状态的角色，改为将其放置到墓地。",/card-images/ST06-011.png
ST06-012,ST06-012,秩序虹光,ST06-亚里莎·回音预组,ST,1,无,,,红,战术牌 / 普通战术牌,信号球·红,"将该牌放置到我方信号球区最上方，抽1张牌。
【充能自】：从以下2项选择1项。
·选择我方战场最多1张角色，直到回合结束为止，其DP+1。
·选择我方战场最多1张角色，直到回合结束为止，其PP+2000。",/card-images/ST06-012.png
ST06-013,ST06-013,骤羽裁决,ST06-亚里莎·回音预组,ST,1,无,,,蓝,战术牌 / 普通战术牌,信号球·蓝,"将该牌放置到我方信号球区最上方，抽1张牌。
【充能自】：从以下2项选择1项。
·抽1张牌。
·选择我方战场最多1张角色，直到回合结束为止，其PP+2000。",/card-images/ST06-013.png
ST06-014,ST06-014,星穹坠闪,ST06-亚里莎·回音预组,ST,1,无,,,黄,战术牌 / 普通战术牌,信号球·黄,"将该牌放置到我方信号球区最上方，抽1张牌。
【充能自】：从以下2项选择1项。
·若我方侵蚀计数不小于对方，我方侵蚀计数-1。
·选择我方战场最多1张角色，直到回合结束为止，其PP+2000。",/card-images/ST06-014.png