card_no,field,primary_value,variant_values
BP01-009,effect,"【永】：【充能0】。
【出】：若我方侵蚀计数为3及以下，可以将我方侵蚀计数+1。若如此做，抽2张牌。","【永】：【充能0】。
【出】：若我方侵蚀计数为3及以下，可以将我方侵蚀计数+1。若如此做，抽2张牌。 | 【永】：【充能0】
【出】：若我方侵蚀计数为3及以下，可以将我方侵蚀计数+1。若如此做，抽2张牌。"
BP01-014,effect,"升变条件 费用8以下的<阿尔法>&「费用上限8及以上」
升变代价【3费】将手牌的该牌重叠在对象上方出场，获得【速攻】
【永】：该牌可以同时装备2张<封刃太刀>装备。
【起】 【回合1】 【2蓝色信号球】：选择我方墓地1张<大太刀>装备，将其装备。直到回合结束为止，我方信号球区的【蓝色信号球】可以视为【红色信号球】或【黄色信号球】。
【自】【回合1】：该牌攻击时，可以消除【2黄色信号球】。若如此做，将该牌竖直，直到回合结束为止，该牌获得【充能+1】，PP+1000。","升变条件 费用8以下的<阿尔法>&「费用上限8及以上」
升变代价【3费】将手牌的该牌重叠在对象上方出场，获得【速攻】
【永】：该牌可以同时装备2张<封刃太刀>装备。
【起】 【回合1】 【2蓝色信号球】：选择我方墓地1张<大太刀>装备，将其装备。直到回合结束为止，我方信号球区的【蓝色信号球】可以视为【红色信号球】或【黄色信号球】。
【自】【回合1】：该牌攻击时，可以消除【2黄色信号球】。若如此做，将该牌竖直，直到回合结束为止，该牌获得【充能+1】，PP+1000。 | 升变条件 费用8以下的<阿尔法>&「费用上限8及以上」
升变代价【3费】将手牌的该牌重叠在对象上方出场，获得【速攻】
【永】：该牌可以同时装备2张<封刃太刀>装备。
【起】【回合1】【2蓝色信号球】：选择我方墓地1张<大太刀>装备，将其装备。直到回合结束为止，我方信号球区的【蓝色信号球】可以视为【红色信号球】或【黄色信号球】。
【自】【回合1】：该牌攻击时，可以消除【2黄色信号球】。若如此做，将该牌竖直，直到回合结束为止，该牌获得【充能+1】，PP+1000。"
BP02-036,effect,"【永】：该牌可以从墓地使用。该牌的【瞬时】在主要阶段也可以发动。
【瞬时】公开我方牌组顶3张牌，选择其中最多1张<拉弥亚>角色牌加入手牌，将剩余的牌放置到墓地。将该牌放置到我方信号球区最下方。","【永】：该牌可以从墓地使用。该牌的【瞬时】在主要阶段也可以发动。
【瞬时】公开我方牌组顶3张牌，选择其中最多1张<拉弥亚>角色加入手牌，将剩余的牌放置到墓地。将该牌放置到我方信号球区最下方。 | 【永】：该牌可以从墓地使用。该牌的【瞬时】在主要阶段也可以发动。
【瞬时】公开我方牌组顶3张牌，选择其中最多1张<拉弥亚>角色牌加入手牌，将剩余的牌放置到墓地。将该牌放置到我方信号球区最下方。"
ST01-001,effect,"升变条件 费用5以下的<露西亚>&「费用上限5及以上」
升变代价【2费】将手牌的该牌重叠在对象上方出场，获得【速攻】
【出】丢弃1张手牌：公开我方牌组顶5张牌，选择其中1张费用为3及以下的<灰鸦小队>角色出场，将剩余的牌按任意顺序放置到牌组底。
【起】消除【2蓝色信号球】：选择我方战场1张角色返回手牌。若如此做，选择我方手牌1张费用为4及以下的<灰鸦小队>角色出场。","升变条件 费用5以下的<露西亚>&「费用上限5及以上」
升变代价【2费】将手牌的该牌重叠在对象上方出场，获得【速攻】
【出】丢弃1张手牌：公开我方牌组顶5张牌，选择其中1张费用为3及以下的<灰鸦小队>角色出场，将剩余的牌按任意顺序放置到牌组底。
【起】消除【2蓝色信号球】：选择我方战场1张角色返回手牌。若如此做，选择我方手牌1张费用为4及以下的<灰鸦小队>角色出场。 | 升变条件 费用5以下的<露西亚>&「费用上限5及以上」
升变代价【2费】将手牌的该牌重叠在对象上方出场，获得[速攻icon]
【出】丢弃1张手牌：公开我方牌组顶5张牌，选择其中1张费用为3及以下的<灰鸦小队>角色出场，将剩余的牌按任意顺序放置到牌组底。
【起】消除【2蓝色信号球】：选择我方战场1张角色返回手牌。若如此做，选择我方手牌1张费用为4及以下的<灰鸦小队>角色出场。"
ST03-002,effect,"【永】：对方回合中，我方战场所有横置状态的<三头犬小队>角色PP+1000。
【起】 横置该牌：直到回合结束为止，我方使用的下1张<三头犬小队>角色的费用-2（不包含升变费用）。","【永】：对方回合中，我方战场所有横置状态的<三头犬小队>角色PP+1000。
【起】 横置该牌：直到回合结束为止，我方使用的下1张<三头犬小队>角色的费用-2（不包含升变费用）。 | 【永】：对方回合中，我方战场所有横置状态的<三头犬小队>角色PP+1000。
【起】横置该牌：直到回合结束为止，我方使用的下1张<三头犬小队>角色的费用-2（不包含升变费用）。"